PG.ProteinGroups	PG.Genes	PG.Organisms	PG.ProteinDescriptions	[1] 20260119_A1_Neo6_JL_MM_THIDTC006_BS_dMcsB_chil_A1.raw.PG.Cscore (Run-Wise)	[2] 20260119_A1_Neo6_JL_MM_THIDTC006_BS_dMcsB_chil_A2.raw.PG.Cscore (Run-Wise)	[3] 20260119_A1_Neo6_JL_MM_THIDTC006_BS_dMcsB_chil_B1.raw.PG.Cscore (Run-Wise)	[4] 20260119_A1_Neo6_JL_MM_THIDTC006_BS_dMcsB_chil_B2.raw.PG.Cscore (Run-Wise)	[5] 20260119_A1_Neo6_JL_MM_THIDTC006_BS_dMcsB_chil_C1.raw.PG.Cscore (Run-Wise)	[6] 20260119_A1_Neo6_JL_MM_THIDTC006_BS_dMcsB_chil_C2.raw.PG.Cscore (Run-Wise)	[7] 20260119_A1_Neo6_JL_MM_THIDTC006_BS_dMcsB_chil_D1.raw.PG.Cscore (Run-Wise)	[8] 20260119_A1_Neo6_JL_MM_THIDTC006_BS_dMcsB_chil_D2.raw.PG.Cscore (Run-Wise)	[9] 20260119_A1_Neo6_JL_MM_THIDTC006_BS_dMcsB_chil_E1.raw.PG.Cscore (Run-Wise)	[10] 20260119_A1_Neo6_JL_MM_THIDTC006_BS_dMcsB_chil_E2.raw.PG.Cscore (Run-Wise)	[11] 20260119_A1_Neo6_JL_MM_THIDTC006_BS_dMcsB_chil_F1.raw.PG.Cscore (Run-Wise)	[12] 20260119_A1_Neo6_JL_MM_THIDTC006_BS_dMcsB_chil_F2.raw.PG.Cscore (Run-Wise)	[13] 20260119_A1_Neo6_JL_MM_THIDTC006_BS_dMcsB_chil_G1.raw.PG.Cscore (Run-Wise)	[14] 20260119_A1_Neo6_JL_MM_THIDTC006_BS_dMcsB_chil_G2.raw.PG.Cscore (Run-Wise)	[15] 20260119_A1_Neo6_JL_MM_THIDTC006_BS_dMcsB_chil_H1.raw.PG.Cscore (Run-Wise)	[16] 20260119_A1_Neo6_JL_MM_THIDTC006_BS_dMcsB_chil_H2.raw.PG.Cscore (Run-Wise)	[17] 20260119_A1_Neo6_JL_MM_THIDTC006_BS_dMcsB_chil_I1.raw.PG.Cscore (Run-Wise)	[18] 20260119_A1_Neo6_JL_MM_THIDTC006_BS_dMcsB_chil_I2.raw.PG.Cscore (Run-Wise)	[19] 20260119_A1_Neo6_JL_MM_THIDTC006_BS_dMcsB_chil_J1.raw.PG.Cscore (Run-Wise)	[20] 20260119_A1_Neo6_JL_MM_THIDTC006_BS_dMcsB_chil_J2.raw.PG.Cscore (Run-Wise)	[21] 20260119_A1_Neo6_JL_MM_THIDTC006_BS_dMcsB_HS_A4.raw.PG.Cscore (Run-Wise)	[22] 20260119_A1_Neo6_JL_MM_THIDTC006_BS_dMcsB_HS_A5.raw.PG.Cscore (Run-Wise)	[23] 20260119_A1_Neo6_JL_MM_THIDTC006_BS_dMcsB_HS_B4.raw.PG.Cscore (Run-Wise)	[24] 20260119_A1_Neo6_JL_MM_THIDTC006_BS_dMcsB_HS_B5.raw.PG.Cscore (Run-Wise)	[25] 20260119_A1_Neo6_JL_MM_THIDTC006_BS_dMcsB_HS_C4.raw.PG.Cscore (Run-Wise)	[26] 20260119_A1_Neo6_JL_MM_THIDTC006_BS_dMcsB_HS_C5.raw.PG.Cscore (Run-Wise)	[27] 20260119_A1_Neo6_JL_MM_THIDTC006_BS_dMcsB_HS_D4.raw.PG.Cscore (Run-Wise)	[28] 20260119_A1_Neo6_JL_MM_THIDTC006_BS_dMcsB_HS_D5.raw.PG.Cscore (Run-Wise)	[29] 20260119_A1_Neo6_JL_MM_THIDTC006_BS_dMcsB_HS_E4.raw.PG.Cscore (Run-Wise)	[30] 20260119_A1_Neo6_JL_MM_THIDTC006_BS_dMcsB_HS_E5.raw.PG.Cscore (Run-Wise)	[31] 20260119_A1_Neo6_JL_MM_THIDTC006_BS_dMcsB_HS_F4.raw.PG.Cscore (Run-Wise)	[32] 20260119_A1_Neo6_JL_MM_THIDTC006_BS_dMcsB_HS_F5.raw.PG.Cscore (Run-Wise)	[33] 20260119_A1_Neo6_JL_MM_THIDTC006_BS_dMcsB_HS_G4.raw.PG.Cscore (Run-Wise)	[34] 20260119_A1_Neo6_JL_MM_THIDTC006_BS_dMcsB_HS_G5.raw.PG.Cscore (Run-Wise)	[35] 20260119_A1_Neo6_JL_MM_THIDTC006_BS_dMcsB_HS_H4.raw.PG.Cscore (Run-Wise)	[36] 20260119_A1_Neo6_JL_MM_THIDTC006_BS_dMcsB_HS_H5.raw.PG.Cscore (Run-Wise)	[37] 20260119_A1_Neo6_JL_MM_THIDTC006_BS_dMcsB_HS_I4.raw.PG.Cscore (Run-Wise)	[38] 20260119_A1_Neo6_JL_MM_THIDTC006_BS_dMcsB_HS_I5.raw.PG.Cscore (Run-Wise)	[39] 20260119_A1_Neo6_JL_MM_THIDTC006_BS_dMcsB_HS_J4.raw.PG.Cscore (Run-Wise)	[40] 20260119_A1_Neo6_JL_MM_THIDTC006_BS_dMcsB_HS_J5.raw.PG.Cscore (Run-Wise)	[1] 20260119_A1_Neo6_JL_MM_THIDTC006_BS_dMcsB_chil_A1.raw.PG.QValue (Run-Wise)	[2] 20260119_A1_Neo6_JL_MM_THIDTC006_BS_dMcsB_chil_A2.raw.PG.QValue (Run-Wise)	[3] 20260119_A1_Neo6_JL_MM_THIDTC006_BS_dMcsB_chil_B1.raw.PG.QValue (Run-Wise)	[4] 20260119_A1_Neo6_JL_MM_THIDTC006_BS_dMcsB_chil_B2.raw.PG.QValue (Run-Wise)	[5] 20260119_A1_Neo6_JL_MM_THIDTC006_BS_dMcsB_chil_C1.raw.PG.QValue (Run-Wise)	[6] 20260119_A1_Neo6_JL_MM_THIDTC006_BS_dMcsB_chil_C2.raw.PG.QValue (Run-Wise)	[7] 20260119_A1_Neo6_JL_MM_THIDTC006_BS_dMcsB_chil_D1.raw.PG.QValue (Run-Wise)	[8] 20260119_A1_Neo6_JL_MM_THIDTC006_BS_dMcsB_chil_D2.raw.PG.QValue (Run-Wise)	[9] 20260119_A1_Neo6_JL_MM_THIDTC006_BS_dMcsB_chil_E1.raw.PG.QValue (Run-Wise)	[10] 20260119_A1_Neo6_JL_MM_THIDTC006_BS_dMcsB_chil_E2.raw.PG.QValue (Run-Wise)	[11] 20260119_A1_Neo6_JL_MM_THIDTC006_BS_dMcsB_chil_F1.raw.PG.QValue (Run-Wise)	[12] 20260119_A1_Neo6_JL_MM_THIDTC006_BS_dMcsB_chil_F2.raw.PG.QValue (Run-Wise)	[13] 20260119_A1_Neo6_JL_MM_THIDTC006_BS_dMcsB_chil_G1.raw.PG.QValue (Run-Wise)	[14] 20260119_A1_Neo6_JL_MM_THIDTC006_BS_dMcsB_chil_G2.raw.PG.QValue (Run-Wise)	[15] 20260119_A1_Neo6_JL_MM_THIDTC006_BS_dMcsB_chil_H1.raw.PG.QValue (Run-Wise)	[16] 20260119_A1_Neo6_JL_MM_THIDTC006_BS_dMcsB_chil_H2.raw.PG.QValue (Run-Wise)	[17] 20260119_A1_Neo6_JL_MM_THIDTC006_BS_dMcsB_chil_I1.raw.PG.QValue (Run-Wise)	[18] 20260119_A1_Neo6_JL_MM_THIDTC006_BS_dMcsB_chil_I2.raw.PG.QValue (Run-Wise)	[19] 20260119_A1_Neo6_JL_MM_THIDTC006_BS_dMcsB_chil_J1.raw.PG.QValue (Run-Wise)	[20] 20260119_A1_Neo6_JL_MM_THIDTC006_BS_dMcsB_chil_J2.raw.PG.QValue (Run-Wise)	[21] 20260119_A1_Neo6_JL_MM_THIDTC006_BS_dMcsB_HS_A4.raw.PG.QValue (Run-Wise)	[22] 20260119_A1_Neo6_JL_MM_THIDTC006_BS_dMcsB_HS_A5.raw.PG.QValue (Run-Wise)	[23] 20260119_A1_Neo6_JL_MM_THIDTC006_BS_dMcsB_HS_B4.raw.PG.QValue (Run-Wise)	[24] 20260119_A1_Neo6_JL_MM_THIDTC006_BS_dMcsB_HS_B5.raw.PG.QValue (Run-Wise)	[25] 20260119_A1_Neo6_JL_MM_THIDTC006_BS_dMcsB_HS_C4.raw.PG.QValue (Run-Wise)	[26] 20260119_A1_Neo6_JL_MM_THIDTC006_BS_dMcsB_HS_C5.raw.PG.QValue (Run-Wise)	[27] 20260119_A1_Neo6_JL_MM_THIDTC006_BS_dMcsB_HS_D4.raw.PG.QValue (Run-Wise)	[28] 20260119_A1_Neo6_JL_MM_THIDTC006_BS_dMcsB_HS_D5.raw.PG.QValue (Run-Wise)	[29] 20260119_A1_Neo6_JL_MM_THIDTC006_BS_dMcsB_HS_E4.raw.PG.QValue (Run-Wise)	[30] 20260119_A1_Neo6_JL_MM_THIDTC006_BS_dMcsB_HS_E5.raw.PG.QValue (Run-Wise)	[31] 20260119_A1_Neo6_JL_MM_THIDTC006_BS_dMcsB_HS_F4.raw.PG.QValue (Run-Wise)	[32] 20260119_A1_Neo6_JL_MM_THIDTC006_BS_dMcsB_HS_F5.raw.PG.QValue (Run-Wise)	[33] 20260119_A1_Neo6_JL_MM_THIDTC006_BS_dMcsB_HS_G4.raw.PG.QValue (Run-Wise)	[34] 20260119_A1_Neo6_JL_MM_THIDTC006_BS_dMcsB_HS_G5.raw.PG.QValue (Run-Wise)	[35] 20260119_A1_Neo6_JL_MM_THIDTC006_BS_dMcsB_HS_H4.raw.PG.QValue (Run-Wise)	[36] 20260119_A1_Neo6_JL_MM_THIDTC006_BS_dMcsB_HS_H5.raw.PG.QValue (Run-Wise)	[37] 20260119_A1_Neo6_JL_MM_THIDTC006_BS_dMcsB_HS_I4.raw.PG.QValue (Run-Wise)	[38] 20260119_A1_Neo6_JL_MM_THIDTC006_BS_dMcsB_HS_I5.raw.PG.QValue (Run-Wise)	[39] 20260119_A1_Neo6_JL_MM_THIDTC006_BS_dMcsB_HS_J4.raw.PG.QValue (Run-Wise)	[40] 20260119_A1_Neo6_JL_MM_THIDTC006_BS_dMcsB_HS_J5.raw.PG.QValue (Run-Wise)	[1] 20260119_A1_Neo6_JL_MM_THIDTC006_BS_dMcsB_chil_A1.raw.PG.NrOfPrecursorsUsedForQuantification	[2] 20260119_A1_Neo6_JL_MM_THIDTC006_BS_dMcsB_chil_A2.raw.PG.NrOfPrecursorsUsedForQuantification	[3] 20260119_A1_Neo6_JL_MM_THIDTC006_BS_dMcsB_chil_B1.raw.PG.NrOfPrecursorsUsedForQuantification	[4] 20260119_A1_Neo6_JL_MM_THIDTC006_BS_dMcsB_chil_B2.raw.PG.NrOfPrecursorsUsedForQuantification	[5] 20260119_A1_Neo6_JL_MM_THIDTC006_BS_dMcsB_chil_C1.raw.PG.NrOfPrecursorsUsedForQuantification	[6] 20260119_A1_Neo6_JL_MM_THIDTC006_BS_dMcsB_chil_C2.raw.PG.NrOfPrecursorsUsedForQuantification	[7] 20260119_A1_Neo6_JL_MM_THIDTC006_BS_dMcsB_chil_D1.raw.PG.NrOfPrecursorsUsedForQuantification	[8] 20260119_A1_Neo6_JL_MM_THIDTC006_BS_dMcsB_chil_D2.raw.PG.NrOfPrecursorsUsedForQuantification	[9] 20260119_A1_Neo6_JL_MM_THIDTC006_BS_dMcsB_chil_E1.raw.PG.NrOfPrecursorsUsedForQuantification	[10] 20260119_A1_Neo6_JL_MM_THIDTC006_BS_dMcsB_chil_E2.raw.PG.NrOfPrecursorsUsedForQuantification	[11] 20260119_A1_Neo6_JL_MM_THIDTC006_BS_dMcsB_chil_F1.raw.PG.NrOfPrecursorsUsedForQuantification	[12] 20260119_A1_Neo6_JL_MM_THIDTC006_BS_dMcsB_chil_F2.raw.PG.NrOfPrecursorsUsedForQuantification	[13] 20260119_A1_Neo6_JL_MM_THIDTC006_BS_dMcsB_chil_G1.raw.PG.NrOfPrecursorsUsedForQuantification	[14] 20260119_A1_Neo6_JL_MM_THIDTC006_BS_dMcsB_chil_G2.raw.PG.NrOfPrecursorsUsedForQuantification	[15] 20260119_A1_Neo6_JL_MM_THIDTC006_BS_dMcsB_chil_H1.raw.PG.NrOfPrecursorsUsedForQuantification	[16] 20260119_A1_Neo6_JL_MM_THIDTC006_BS_dMcsB_chil_H2.raw.PG.NrOfPrecursorsUsedForQuantification	[17] 20260119_A1_Neo6_JL_MM_THIDTC006_BS_dMcsB_chil_I1.raw.PG.NrOfPrecursorsUsedForQuantification	[18] 20260119_A1_Neo6_JL_MM_THIDTC006_BS_dMcsB_chil_I2.raw.PG.NrOfPrecursorsUsedForQuantification	[19] 20260119_A1_Neo6_JL_MM_THIDTC006_BS_dMcsB_chil_J1.raw.PG.NrOfPrecursorsUsedForQuantification	[20] 20260119_A1_Neo6_JL_MM_THIDTC006_BS_dMcsB_chil_J2.raw.PG.NrOfPrecursorsUsedForQuantification	[21] 20260119_A1_Neo6_JL_MM_THIDTC006_BS_dMcsB_HS_A4.raw.PG.NrOfPrecursorsUsedForQuantification	[22] 20260119_A1_Neo6_JL_MM_THIDTC006_BS_dMcsB_HS_A5.raw.PG.NrOfPrecursorsUsedForQuantification	[23] 20260119_A1_Neo6_JL_MM_THIDTC006_BS_dMcsB_HS_B4.raw.PG.NrOfPrecursorsUsedForQuantification	[24] 20260119_A1_Neo6_JL_MM_THIDTC006_BS_dMcsB_HS_B5.raw.PG.NrOfPrecursorsUsedForQuantification	[25] 20260119_A1_Neo6_JL_MM_THIDTC006_BS_dMcsB_HS_C4.raw.PG.NrOfPrecursorsUsedForQuantification	[26] 20260119_A1_Neo6_JL_MM_THIDTC006_BS_dMcsB_HS_C5.raw.PG.NrOfPrecursorsUsedForQuantification	[27] 20260119_A1_Neo6_JL_MM_THIDTC006_BS_dMcsB_HS_D4.raw.PG.NrOfPrecursorsUsedForQuantification	[28] 20260119_A1_Neo6_JL_MM_THIDTC006_BS_dMcsB_HS_D5.raw.PG.NrOfPrecursorsUsedForQuantification	[29] 20260119_A1_Neo6_JL_MM_THIDTC006_BS_dMcsB_HS_E4.raw.PG.NrOfPrecursorsUsedForQuantification	[30] 20260119_A1_Neo6_JL_MM_THIDTC006_BS_dMcsB_HS_E5.raw.PG.NrOfPrecursorsUsedForQuantification	[31] 20260119_A1_Neo6_JL_MM_THIDTC006_BS_dMcsB_HS_F4.raw.PG.NrOfPrecursorsUsedForQuantification	[32] 20260119_A1_Neo6_JL_MM_THIDTC006_BS_dMcsB_HS_F5.raw.PG.NrOfPrecursorsUsedForQuantification	[33] 20260119_A1_Neo6_JL_MM_THIDTC006_BS_dMcsB_HS_G4.raw.PG.NrOfPrecursorsUsedForQuantification	[34] 20260119_A1_Neo6_JL_MM_THIDTC006_BS_dMcsB_HS_G5.raw.PG.NrOfPrecursorsUsedForQuantification	[35] 20260119_A1_Neo6_JL_MM_THIDTC006_BS_dMcsB_HS_H4.raw.PG.NrOfPrecursorsUsedForQuantification	[36] 20260119_A1_Neo6_JL_MM_THIDTC006_BS_dMcsB_HS_H5.raw.PG.NrOfPrecursorsUsedForQuantification	[37] 20260119_A1_Neo6_JL_MM_THIDTC006_BS_dMcsB_HS_I4.raw.PG.NrOfPrecursorsUsedForQuantification	[38] 20260119_A1_Neo6_JL_MM_THIDTC006_BS_dMcsB_HS_I5.raw.PG.NrOfPrecursorsUsedForQuantification	[39] 20260119_A1_Neo6_JL_MM_THIDTC006_BS_dMcsB_HS_J4.raw.PG.NrOfPrecursorsUsedForQuantification	[40] 20260119_A1_Neo6_JL_MM_THIDTC006_BS_dMcsB_HS_J5.raw.PG.NrOfPrecursorsUsedForQuantification	[1] 20260119_A1_Neo6_JL_MM_THIDTC006_BS_dMcsB_chil_A1.raw.PG.Quantity	[2] 20260119_A1_Neo6_JL_MM_THIDTC006_BS_dMcsB_chil_A2.raw.PG.Quantity	[3] 20260119_A1_Neo6_JL_MM_THIDTC006_BS_dMcsB_chil_B1.raw.PG.Quantity	[4] 20260119_A1_Neo6_JL_MM_THIDTC006_BS_dMcsB_chil_B2.raw.PG.Quantity	[5] 20260119_A1_Neo6_JL_MM_THIDTC006_BS_dMcsB_chil_C1.raw.PG.Quantity	[6] 20260119_A1_Neo6_JL_MM_THIDTC006_BS_dMcsB_chil_C2.raw.PG.Quantity	[7] 20260119_A1_Neo6_JL_MM_THIDTC006_BS_dMcsB_chil_D1.raw.PG.Quantity	[8] 20260119_A1_Neo6_JL_MM_THIDTC006_BS_dMcsB_chil_D2.raw.PG.Quantity	[9] 20260119_A1_Neo6_JL_MM_THIDTC006_BS_dMcsB_chil_E1.raw.PG.Quantity	[10] 20260119_A1_Neo6_JL_MM_THIDTC006_BS_dMcsB_chil_E2.raw.PG.Quantity	[11] 20260119_A1_Neo6_JL_MM_THIDTC006_BS_dMcsB_chil_F1.raw.PG.Quantity	[12] 20260119_A1_Neo6_JL_MM_THIDTC006_BS_dMcsB_chil_F2.raw.PG.Quantity	[13] 20260119_A1_Neo6_JL_MM_THIDTC006_BS_dMcsB_chil_G1.raw.PG.Quantity	[14] 20260119_A1_Neo6_JL_MM_THIDTC006_BS_dMcsB_chil_G2.raw.PG.Quantity	[15] 20260119_A1_Neo6_JL_MM_THIDTC006_BS_dMcsB_chil_H1.raw.PG.Quantity	[16] 20260119_A1_Neo6_JL_MM_THIDTC006_BS_dMcsB_chil_H2.raw.PG.Quantity	[17] 20260119_A1_Neo6_JL_MM_THIDTC006_BS_dMcsB_chil_I1.raw.PG.Quantity	[18] 20260119_A1_Neo6_JL_MM_THIDTC006_BS_dMcsB_chil_I2.raw.PG.Quantity	[19] 20260119_A1_Neo6_JL_MM_THIDTC006_BS_dMcsB_chil_J1.raw.PG.Quantity	[20] 20260119_A1_Neo6_JL_MM_THIDTC006_BS_dMcsB_chil_J2.raw.PG.Quantity	[21] 20260119_A1_Neo6_JL_MM_THIDTC006_BS_dMcsB_HS_A4.raw.PG.Quantity	[22] 20260119_A1_Neo6_JL_MM_THIDTC006_BS_dMcsB_HS_A5.raw.PG.Quantity	[23] 20260119_A1_Neo6_JL_MM_THIDTC006_BS_dMcsB_HS_B4.raw.PG.Quantity	[24] 20260119_A1_Neo6_JL_MM_THIDTC006_BS_dMcsB_HS_B5.raw.PG.Quantity	[25] 20260119_A1_Neo6_JL_MM_THIDTC006_BS_dMcsB_HS_C4.raw.PG.Quantity	[26] 20260119_A1_Neo6_JL_MM_THIDTC006_BS_dMcsB_HS_C5.raw.PG.Quantity	[27] 20260119_A1_Neo6_JL_MM_THIDTC006_BS_dMcsB_HS_D4.raw.PG.Quantity	[28] 20260119_A1_Neo6_JL_MM_THIDTC006_BS_dMcsB_HS_D5.raw.PG.Quantity	[29] 20260119_A1_Neo6_JL_MM_THIDTC006_BS_dMcsB_HS_E4.raw.PG.Quantity	[30] 20260119_A1_Neo6_JL_MM_THIDTC006_BS_dMcsB_HS_E5.raw.PG.Quantity	[31] 20260119_A1_Neo6_JL_MM_THIDTC006_BS_dMcsB_HS_F4.raw.PG.Quantity	[32] 20260119_A1_Neo6_JL_MM_THIDTC006_BS_dMcsB_HS_F5.raw.PG.Quantity	[33] 20260119_A1_Neo6_JL_MM_THIDTC006_BS_dMcsB_HS_G4.raw.PG.Quantity	[34] 20260119_A1_Neo6_JL_MM_THIDTC006_BS_dMcsB_HS_G5.raw.PG.Quantity	[35] 20260119_A1_Neo6_JL_MM_THIDTC006_BS_dMcsB_HS_H4.raw.PG.Quantity	[36] 20260119_A1_Neo6_JL_MM_THIDTC006_BS_dMcsB_HS_H5.raw.PG.Quantity	[37] 20260119_A1_Neo6_JL_MM_THIDTC006_BS_dMcsB_HS_I4.raw.PG.Quantity	[38] 20260119_A1_Neo6_JL_MM_THIDTC006_BS_dMcsB_HS_I5.raw.PG.Quantity	[39] 20260119_A1_Neo6_JL_MM_THIDTC006_BS_dMcsB_HS_J4.raw.PG.Quantity	[40] 20260119_A1_Neo6_JL_MM_THIDTC006_BS_dMcsB_HS_J5.raw.PG.Quantity
cont_O43790	KRT86	Homo sapiens	"Keratin, type II cuticular Hb6"	20.733122	3.6926465	0.16588219	-0.8166186	-0.21628323	0.45204827	0.073757164	0.18047813	3.1002755	10.744024	14.910204	12.296924	0.22090998	-0.2876547	2.4406164	-2.1396778	2.7005696	-1.3281251	8.171209	0.53791916	16.604816	19.240099	-1.6385537	14.3094225	1.3623283	14.551258	12.67254	11.100038	12.533832	20.651175	9.312618	2.2560852	16.901175	18.488686	1.3309152	0.9903461	0.74716425	-0.6053731	1.279863	0.3394189	4.45E-44	0.000206517	0.001581192	0.003696556	0.003283714	0.0020039	0.010160657	0.001318903	0.000367086	7.00E-16	3.96E-27	5.29E-13	0.002200231	0.001387623	0.000509169	0.010125146	0.00044361	0.005467389	4.82E-11	0.001409513	1.42E-38	2.21E-33	0.006119889	1.86E-21	0.000374649	1.91E-28	6.24E-21	8.53E-18	4.73E-23	3.29E-55	4.13E-15	0.000295849	1.19E-31	5.68E-39	0.000309441	0.000705027	0.000820819	0.002034795	0.00039764	0.001635616	12	5	4	5	3	4	4	3	5	7	8	8	4	3	4	4	5	5	5	3	9	10	4	9	5	9	9	6	7	13	5	5	9	10	5	5	5	5	4	5	567.3762817	301.6046143	313.0945435	190.784256	235.5806427	303.9754028	251.162323	242.5353088	455.244751	312.5388489	354.7008362	337.2717896	213.096756	224.8728638	337.0787354	358.9478149	203.6309052	192.2506409	379.5308838	215.4384918	414.4911194	454.5403748	248.1244202	443.5287476	299.6131897	353.4141846	198.1625366	485.2557678	307.6996155	499.0809326	287.5363464	450.9810791	271.7964478	328.4694824	138.4539185	471.151001	157.0563812	188.5724335	202.7543945	259.4946594
cont_O76009	KRT33A	Homo sapiens	"Keratin, type I cuticular Ha3-I"	15.225289	7.9306064	-2.6343675	-1.7451146	-3.574743	-2.4474254	-1.1125777	-4.7995524	8.309697	18.161125	13.579849	16.412537	-1.6801113	-3.8499093	-2.5139768	-1.7560066	-4.8549404	-4.145091	1.5272061	-5.387144	13.859258	20.24571	-3.116339	10.391815	-0.1490195	11.550604	12.549727	12.532938	15.75837	22.08177	15.567379	-2.8921568	14.68711	19.96017	-3.708817	-1.5280275	-3.508622	-1.3603791	-1.936616	-2.5571358	6.52E-35	1.75E-10	0.009017615	0.00638514	0.025036803	0.013235901	0.02057568	0.036912735	3.19E-11	7.84E-27	1.25E-25	6.98E-15	0.007733838	0.015068713	0.015554699	0.008187463	0.078686812	0.033532016	0.000794247	0.071119006	4.57E-27	6.75E-35	0.015796783	1.64E-18	0.001257556	1.34E-18	8.33E-21	6.74E-19	4.26E-27	8.10E-59	1.82E-28	0.01141286	6.25E-29	1.36E-41	0.015028469	0.004542411	0.016696276	0.003408977	0.00424891	0.012249839	8	5	2	3	0	1	4	0	5	13	8	11	1	1	2	4	0	0	5	0	8	12	1	6	5	6	8	7	8	13	9	3	8	13	0	3	1	4	2	2	424.1139221	137.7402649	NaN	116.7783203	NaN	NaN	143.1043701	NaN	283.4004211	331.2676392	340.8879395	361.7658081	NaN	NaN	NaN	63.44532394	NaN	NaN	350.1470947	NaN	361.2464294	576.7561646	NaN	341.8917542	105.4284744	506.0006104	103.3969955	204.7222443	274.7168579	321.4848022	693.4997559	101.0255051	465.0310974	278.7732544	NaN	93.87261963	NaN	67.02896118	NaN	NaN
cont_O76011	KRT34	Homo sapiens	"Keratin, type I cuticular Ha4"	18.444733	4.7812843	-1.4729055	-2.4035084	-6.7283673	-4.4892416	-6.3714685	-3.390618	1.9560997	2.5324488	13.376926	16.181023	-3.50337	-4.5534477	-4.6918354	-4.300806	-4.590697	-4.299539	-3.6635435	-7.195643	13.676019	17.370365	-4.5253987	12.40649	-0.16573262	12.6400795	8.170245	12.9473295	18.094194	18.149427	16.759022	-4.2795424	17.965277	21.008268	-5.715	-7.242614	-5.42357	-3.8428233	-4.273568	-5.0456295	3.58E-40	4.07E-05	0.004588686	0.009680119	0.173826058	0.050768655	0.380873055	0.013949206	0.000402308	0.000389435	2.02E-25	8.94E-15	0.025514108	0.024545696	0.067969662	0.039687113	0.064049084	0.036829306	0.035355396	0.154626991	2.19E-26	9.51E-31	0.038298297	4.45E-20	0.001258155	6.72E-22	4.30E-12	3.25E-19	2.93E-30	4.78E-45	4.82E-30	0.029147751	5.12E-33	1.60E-43	0.066379048	0.153681966	0.070503673	0.016516596	0.020343258	0.069139718	2	2	1	1	0	0	0	0	2	1	3	3	0	0	0	0	0	0	0	0	3	3	0	3	1	1	2	2	3	3	3	0	2	3	0	0	0	1	0	0	NaN	NaN	NaN	NaN	NaN	NaN	NaN	NaN	NaN	NaN	15.70771408	11.50290489	NaN	NaN	NaN	NaN	NaN	NaN	NaN	NaN	24.30417442	35.1308403	NaN	21.24868584	NaN	NaN	NaN	NaN	11.7536087	10.32347584	17.73042679	NaN	NaN	10.91965961	NaN	NaN	NaN	NaN	NaN	NaN
cont_O77727	KRT15	Ovis aries	"Keratin, type I cytoskeletal 15"	17.719044	6.447977	0.019513655	-0.401966	0.29046324	0.7860117	9.360706	-1.1346508	4.3198633	4.604367	5.8318143	11.093654	-0.34495974	2.3656108	7.243759	13.9776	-1.0921139	-1.9625028	-1.8675884	-1.366828	3.7731144	5.507243	2.4428942	7.7041106	3.0402799	15.659626	17.4704	17.6044	8.845411	21.053883	7.186146	7.183694	5.3404064	13.6004925	0.11872218	15.286072	-0.4903154	12.894349	-1.1770858	0.88682526	5.30E-39	2.46E-07	0.001748167	0.002911692	0.002333544	0.001510293	8.28E-13	0.003183738	0.000153847	7.17E-05	2.10E-06	1.78E-12	0.003104498	0.000184795	1.04E-08	6.30E-27	0.006477287	0.008140889	0.010495485	0.004820294	0.000133009	4.77E-06	0.000332094	2.78E-10	0.000203136	6.32E-31	2.73E-26	4.67E-23	2.79E-13	3.12E-56	4.12E-09	5.86E-09	2.86E-06	8.78E-31	0.00096637	4.57E-27	0.00217369	5.73E-23	0.002684124	0.001022437	7	5	3	2	2	2	5	1	5	4	5	5	1	2	5	6	2	2	1	1	5	5	3	5	4	7	8	7	5	9	5	5	5	6	3	6	3	6	2	2	301.7562866	101.5800323	49.6538887	NaN	NaN	NaN	1173.413452	NaN	111.5767746	68.40391541	78.1076355	213.1175079	NaN	NaN	305.1641846	656.4103394	NaN	NaN	NaN	NaN	76.04931641	98.54592896	76.58293915	150.3111572	54.50971603	186.36026	468.8062439	4049.301025	107.5653229	314.9177856	92.85626221	429.5407715	82.18416595	153.4282837	53.38872147	510.4263916	77.39601898	590.7624512	NaN	NaN
cont_O82803	SRPP	Hevea brasiliensis	Small rubber particle protein	-2.8658466	-0.1909485	-5.1447697	-4.8562236	-5.0686154	-4.56252	-6.0651464	-4.5702844	-3.405097	5.421991	8.761789	10.284505	-5.8956094	-3.5343802	-5.452909	-5.256308	-4.4437346	-3.291825	-4.4261184	-6.488768	-5.537794	-4.8198075	-5.5787153	-4.9037657	-4.137644	0.24636196	0.026282823	0.57306254	15.009207	23.571836	18.725853	-3.598107	4.300633	11.983987	-5.5715885	-5.0108113	-5.269638	-7.4025455	-6.707033	-4.7695627	0.009441668	0.002304628	0.052234095	0.054276871	0.066790898	0.053284988	0.338099231	0.031678094	0.017998362	1.21E-05	5.66E-13	3.96E-12	0.132891789	0.012317703	0.119327996	0.082155892	0.058881416	0.019056393	0.059885274	0.128690079	0.069037617	0.038775222	0.090652202	0.026718543	0.016822821	0.000830476	0.000201706	0.000464885	3.81E-26	1.67E-62	7.23E-33	0.01857833	2.70E-05	3.77E-28	0.059845774	0.050625143	0.062279964	0.122428355	0.093763479	0.056711021	2	3	0	0	0	0	0	1	1	2	3	5	0	1	0	0	0	1	0	0	0	0	0	0	0	1	2	4	5	6	5	0	5	4	0	0	0	0	0	0	NaN	4.360316277	NaN	NaN	NaN	NaN	NaN	NaN	NaN	NaN	8.117912292	15.5916872	NaN	NaN	NaN	NaN	NaN	NaN	NaN	NaN	NaN	NaN	NaN	NaN	NaN	NaN	NaN	9.826161385	12.87920284	28.2082901	19.69117928	NaN	6.571742058	6.47334671	NaN	NaN	NaN	NaN	NaN	NaN
cont_P00441	SOD1	Homo sapiens	Superoxide dismutase [Cu-Zn]	3.2296603	12.009347	-0.5959199	0.5618504	-3.171441	1.6920688	1.9950573	10.36046	0.45190713	13.815609	7.0084043	13.72748	0.76504594	-2.4724712	9.642191	2.381415	6.090966	-0.1954755	8.762136	-1.5580186	4.3582997	7.2328463	3.7265422	5.953369	7.4708967	-0.80187845	15.187243	15.558969	13.237673	22.314224	12.007839	7.784324	11.341316	22.50257	4.819527	3.3139584	1.8726847	0.019448072	5.110111	0.32377672	0.000159998	3.41E-22	0.002586983	0.001490662	0.018804917	0.00078948	0.0029834	1.64E-18	0.001399277	1.14E-22	1.96E-08	1.20E-13	0.001503156	0.005781519	6.24E-16	0.000383703	1.36E-06	0.002598195	6.75E-13	0.005417479	5.81E-05	5.11E-09	0.000217419	1.01E-06	1.27E-09	0.00163861	1.05E-23	2.12E-21	6.73E-24	2.06E-59	6.53E-24	1.66E-10	1.99E-20	4.40E-46	1.70E-05	0.000219623	0.000270113	0.001312253	1.13E-05	0.001637082	2	3	1	1	1	1	1	2	2	3	3	3	2	1	1	1	1	1	1	1	1	1	1	2	2	1	3	3	3	3	3	2	2	3	2	2	2	1	1	1	NaN	21.02230644	NaN	NaN	NaN	NaN	NaN	NaN	NaN	24.50686073	20.87339973	16.84861946	NaN	NaN	NaN	NaN	NaN	NaN	NaN	NaN	NaN	NaN	NaN	NaN	NaN	NaN	11.61322308	11.44822502	23.0269413	10.35799122	25.19603539	NaN	NaN	17.86226273	NaN	NaN	NaN	NaN	NaN	NaN
cont_P00698	LYZ	Gallus gallus	Lysozyme C	-6.48537	0.6893558	-5.4906473	-4.3796525	-5.2160797	-7.317947	-4.4142327	-3.0786896	1.2816381	9.082222	1.7945875	16.466934	-5.3162746	-1.9533572	-4.7116375	-6.7310925	-6.7640123	-6.9423747	-5.7071705	-5.9008317	-6.3370023	-2.9077954	-4.2413235	-4.645728	-6.3548145	-5.013769	-6.8155384	-1.741228	-0.12374559	27.07657	3.447089	-4.7874727	-0.9773895	1.431386	-5.331561	-6.417645	-6.260136	-5.7990503	-5.4839945	-7.3164673	0.117897603	0.001129262	0.066021599	0.036918786	0.075339608	0.220238125	0.123827774	0.011325551	0.000682622	5.14E-12	0.000217917	6.81E-15	0.089984746	0.004268498	0.068393996	0.186482603	0.241918764	0.169902843	0.155903719	0.097917601	0.108554368	0.009569845	0.032789895	0.021939628	0.081804377	0.031485222	0.020669519	0.002246817	0.000860312	3.49E-72	7.13E-05	0.040900179	0.001162664	0.000165206	0.049228816	0.124585876	0.116303566	0.070222647	0.049798628	0.206340101	0	2	0	0	0	0	0	0	2	2	0	3	0	1	0	0	0	0	0	0	0	1	0	0	0	0	0	2	2	3	2	0	1	2	0	0	0	0	0	0	NaN	NaN	NaN	NaN	NaN	NaN	NaN	NaN	NaN	NaN	NaN	14.07483101	NaN	NaN	NaN	NaN	NaN	NaN	NaN	NaN	NaN	NaN	NaN	NaN	NaN	NaN	NaN	NaN	NaN	71.34607697	NaN	NaN	NaN	NaN	NaN	NaN	NaN	NaN	NaN	NaN
cont_P00711	LALBA	Bos taurus	Alpha-lactalbumin	7.498224	12.661829	6.0976057	0.25136068	-1.711437	-1.88105	-4.1636605	-0.6762034	2.709262	8.630981	13.783041	16.655727	-4.871206	2.9815567	-8.391732	1.0122572	-1.839485	-7.272512	0.5559984	-4.3567843	-4.3013945	-1.5983086	1.5042619	-4.3932085	10.457208	5.799314	18.77938	22.47541	22.332365	25.634354	15.298816	5.7997828	19.608595	21.477707	5.9120145	-3.6704292	3.235823	-2.0442915	-1.7843678	0.973695	5.58E-10	1.61E-24	2.25E-06	0.001895499	0.007983392	0.009492279	0.113517347	0.002362746	0.000388406	4.20E-11	7.59E-26	5.61E-15	0.06387316	0.000168567	0.274350661	0.001014314	0.010448985	0.18140689	0.001956446	0.033366231	0.024848117	0.004195209	0.000501214	0.018689547	4.11E-17	1.90E-06	7.49E-28	2.58E-27	2.89E-36	2.97E-68	4.09E-28	2.65E-06	4.05E-35	2.76E-44	6.93E-07	0.019194251	0.000187907	0.004994969	0.003918328	0.000952164	2	3	1	2	1	1	0	1	2	3	3	3	0	1	0	1	0	0	1	0	0	1	1	1	3	1	3	3	3	3	3	1	3	3	1	0	1	1	0	1	NaN	164.3748016	NaN	NaN	NaN	NaN	NaN	NaN	NaN	34.36885071	105.9849625	151.9723358	NaN	NaN	NaN	NaN	NaN	NaN	NaN	NaN	NaN	NaN	NaN	NaN	26.03371048	NaN	72.83282471	97.88805389	441.2839661	142.8628082	162.6247711	NaN	90.78160095	72.49061584	NaN	NaN	NaN	NaN	NaN	NaN
cont_P00761	trypsin	Sus scrofa	Trypsin	24.609676	11.637591	10.289626	21.500925	20.191128	20.094383	16.832449	25.196682	8.359881	21.630445	23.122742	18.973928	19.636448	25.021305	16.555676	18.860533	24.813646	13.65056	17.294796	23.733507	24.357126	21.85452	19.980303	18.030142	19.552555	21.522196	21.225693	18.171762	20.925892	18.915379	13.260943	17.991865	23.500639	22.39585	21.40404	22.96978	17.437607	20.078676	23.103985	23.475605	2.22E-51	6.55E-21	2.20E-14	8.22E-32	3.38E-28	2.90E-40	1.23E-38	5.16E-57	2.44E-11	1.18E-30	3.65E-37	4.27E-16	3.20E-46	9.00E-64	6.21E-24	5.07E-34	7.41E-45	2.77E-22	5.05E-22	2.50E-51	1.32E-65	2.91E-37	1.82E-38	2.07E-24	1.14E-38	8.86E-41	6.82E-31	1.50E-23	4.21E-34	5.56E-49	1.69E-25	6.24E-37	2.84E-40	6.58E-46	1.96E-50	1.97E-37	5.17E-41	1.97E-30	7.44E-35	1.61E-57	18	7	7	14	15	14	8	18	5	15	17	14	15	17	16	16	16	12	16	17	18	16	15	16	16	18	18	16	17	14	9	16	16	16	17	18	13	16	17	18	163842.8438	21014.1543	409220.1563	463784.9063	471584.25	446528.9688	304618	510172.0625	280826	303361.2813	253347.1875	132477.8125	522160.2813	467975.2188	407525.4063	187539.9219	479036.2813	475854.2813	538903.625	572757.375	342119.375	337323.1563	490322.2188	275519.5938	287084.375	260626.8906	105735.4297	61066.44531	138356.0313	27090.51172	97404.28906	259700.8438	175724.6719	41531.43359	427176.875	276795.5313	500385.4063	253877.2656	492739.0625	478439.4375
cont_P00883	ALDOA	Oryctolagus cuniculus	Fructose-bisphosphate aldolase A	7.39299	19.207289	-1.1447737	1.0049821	0.6716906	-0.9400455	-0.058519304	-0.8547598	3.7112494	1.3128029	10.88842	13.794083	0.67946297	-0.23013456	4.1475725	3.5923269	-1.1244762	0.25471735	1.1770408	-0.71070147	2.9081602	0.5639868	-0.8829278	1.786445	9.641766	3.044036	16.240608	16.557732	13.605831	17.571775	14.30063	2.7436604	10.797307	19.08245	3.0977385	0.018670274	-0.35541055	-0.31727135	-0.107914336	-0.5891439	1.01E-09	8.13E-42	0.003699118	0.001037897	0.001690543	0.00531454	0.011033416	0.002604479	0.000293144	0.000607329	5.65E-21	1.14E-13	0.001554891	0.001342813	0.000214438	0.00030689	0.006553324	0.001866956	0.001128898	0.003288987	0.00025222	0.000844944	0.003824222	0.000189775	7.57E-15	0.000175082	7.36E-25	2.94E-22	2.34E-24	3.35E-42	8.45E-27	0.000287377	1.04E-18	5.02E-40	0.000138227	0.001599032	0.001971946	0.001647575	0.001247096	0.00326616	7	14	5	4	3	2	5	2	5	5	9	8	4	3	5	5	2	3	5	3	5	4	2	5	5	5	12	12	8	10	9	5	6	14	5	5	3	5	2	2	64.71536255	537.5457153	171.9779205	158.1734772	210.8097076	NaN	114.9930573	NaN	125.4088821	87.03390503	102.8063278	97.62636566	202.4510956	128.6690521	150.7255707	56.80714798	NaN	198.3380127	141.5161896	194.1168213	108.8938904	122.0167542	NaN	118.1265411	255.3795013	86.86217499	170.0324097	135.0012817	105.2360764	111.7835464	127.0301285	72.82051849	80.05442047	201.0820618	142.8341675	63.3240242	157.8974915	47.3540802	NaN	NaN
cont_P00918	CA2	Homo sapiens	Carbonic anhydrase 2	1.166337	5.0044937	9.1478	0.12190474	-0.3093403	5.2876034	0.34390908	0.4362592	-1.5686646	-0.16888618	2.1141686	5.9390836	-2.498971	-1.5996913	4.3804407	-1.6735767	-0.43912035	3.55904	0.34347525	8.293418	6.5659165	-1.2367675	-0.67390263	-1.610009	-1.7051318	2.8177693	6.493478	3.538746	0.9717342	6.5248785	8.407259	7.950959	6.6273594	20.058624	1.8968141	4.0753503	-1.1498052	-2.8295681	-2.4111347	-0.2413189	0.000455627	2.50E-05	7.37E-12	0.002079032	0.003450766	2.59E-05	0.00828984	0.001117379	0.005634865	0.002062892	0.000186005	4.10E-06	0.012258857	0.003538278	0.000158495	0.00783284	0.003985031	0.000279206	0.002312952	1.98E-10	7.19E-08	0.003371559	0.003335607	0.002853656	0.003490411	0.000192028	2.93E-08	8.76E-05	0.000345863	2.48E-07	3.25E-12	5.74E-11	2.89E-08	9.45E-42	0.000189343	0.000101469	0.003564321	0.008078765	0.005588448	0.002556735	1	3	1	1	1	1	1	1	1	1	1	3	1	1	1	1	1	1	1	1	1	1	1	1	1	1	2	2	1	3	3	2	2	3	1	1	1	1	1	1	NaN	6.176310539	NaN	NaN	NaN	NaN	NaN	NaN	NaN	NaN	NaN	13.25263882	NaN	NaN	NaN	NaN	NaN	NaN	NaN	NaN	NaN	NaN	NaN	NaN	NaN	NaN	NaN	NaN	NaN	4.372223377	5.363594532	NaN	NaN	8.501655579	NaN	NaN	NaN	NaN	NaN	NaN
cont_P01008	SERPINC1	Homo sapiens	Antithrombin-III	1.3780998	8.7539	-5.785959	-6.928516	-4.477724	-4.288937	-7.0655503	-4.658204	-4.909607	-5.128077	-4.272825	-2.6206849	-5.736024	-5.7406473	-4.8090844	-5.7028875	-5.982539	-3.887642	-6.0185027	-4.0826454	0.9920963	-5.1275716	-4.275734	-3.66564	-2.3730528	-0.12247899	-2.842656	3.1428483	0.61883086	15.000399	9.290551	-6.2109485	-0.005136523	21.405153	-6.5108857	-5.7290807	-5.6816907	-2.2576458	-7.0793414	-5.237692	0.000360035	1.59E-12	0.08224327	0.16762985	0.042043026	0.044896564	0.452784853	0.03355972	0.050464507	0.055203505	0.02253955	0.016592172	0.122917906	0.058698885	0.073380037	0.114171362	0.185435617	0.028008426	0.189571143	0.027883938	0.000595317	0.049171728	0.033136219	0.011536761	0.005082002	0.001048691	0.001494327	0.000115885	0.000473927	7.83E-31	4.85E-15	0.113902106	0.000588713	3.29E-44	0.096565592	0.087280047	0.085343152	0.005533498	0.103702325	0.081457801	2	5	0	0	0	1	0	1	0	0	0	2	0	0	0	0	0	0	0	0	2	0	0	1	2	2	2	5	2	5	5	0	2	6	0	0	0	2	0	0	NaN	7.564501286	NaN	NaN	NaN	NaN	NaN	NaN	NaN	NaN	NaN	NaN	NaN	NaN	NaN	NaN	NaN	NaN	NaN	NaN	NaN	NaN	NaN	NaN	NaN	NaN	NaN	1.857860684	NaN	5.988477707	6.000887871	NaN	NaN	42.95223999	NaN	NaN	NaN	NaN	NaN	NaN
cont_P01012	SERPINB14	Gallus gallus	Ovalbumin	2.5516493	10.018902	-4.7409244	-5.900803	-5.5021186	-5.370458	-5.8631926	-4.3375354	4.3574157	22.20837	7.9545655	14.675253	-5.909662	-2.5749657	-6.123429	-5.368689	-4.5490365	-6.1200886	-5.287416	-5.322264	-4.2427163	-5.3477516	-5.956927	-1.1813922	-3.336632	-0.74086416	6.3351264	8.582742	16.47912	21.525982	14.305686	-5.0742927	12.725799	11.746118	-4.4404473	-5.8674355	-5.1879807	-6.055827	-4.8659096	-4.5282106	0.000197603	6.44E-16	0.0378402	0.114712517	0.092911875	0.097867546	0.319064692	0.027022603	0.000153799	3.90E-31	1.16E-10	4.35E-14	0.13298698	0.006154688	0.179335736	0.08912144	0.062603865	0.128255528	0.115481397	0.068901591	0.023970308	0.058174073	0.118443072	0.00225572	0.009943669	0.001594455	5.49E-08	1.84E-12	4.54E-28	1.90E-57	8.45E-27	0.051329049	2.93E-25	2.89E-27	0.024695827	0.094755913	0.058475312	0.079793075	0.030512448	0.048603264	3	5	1	0	0	0	0	1	5	12	6	8	0	3	0	0	0	0	0	0	1	0	0	3	3	5	5	5	8	12	7	0	7	7	0	0	0	0	0	0	21.24815559	25.36822319	NaN	NaN	NaN	NaN	NaN	NaN	33.74825668	116.89505	17.53272438	42.3729248	NaN	9.587841034	NaN	NaN	NaN	NaN	NaN	NaN	NaN	NaN	NaN	11.58813858	5.779901981	9.157640457	9.157159805	12.93560219	31.02981186	50.7490387	44.35644531	NaN	20.92405891	16.29817581	NaN	NaN	NaN	NaN	NaN	NaN
cont_P01031	C5	Homo sapiens	Complement C5	-6.676905	2.5144498	-4.8320456	-6.4120345	-5.4968324	-5.072186	-4.2334957	-6.282261	-4.868402	-4.141854	-5.6651316	-6.49232	-5.095529	-4.3913407	-5.2550397	-5.9838214	-3.5330741	-7.046148	-4.5631375	-5.9205174	-6.221101	-4.9122834	-6.3166676	-3.948783	-5.3283224	-6.218672	-6.020686	-0.40304488	-5.8540854	0.6641359	-0.531894	-5.4079013	-3.0459776	23.184141	-6.081318	-4.32058	-5.9782157	-5.3031034	-4.499081	-9.853526	0.124721267	0.000429036	0.040559021	0.146676138	0.092911875	0.078835247	0.1146085	0.098393475	0.049127264	0.026766195	0.067847599	0.214546154	0.076166105	0.022068571	0.103238308	0.137491137	0.032457313	0.173319927	0.065178187	0.09838544	0.104171525	0.041541031	0.138975197	0.013799484	0.04183822	0.077161234	0.014757207	0.000931188	0.055674197	0.000947314	0.000885056	0.067976313	0.004711146	2.54E-47	0.079978718	0.029671576	0.101313267	0.04778155	0.023770962	0.248952253	0	3	0	0	0	0	0	0	0	0	0	0	0	0	0	0	0	0	0	0	0	0	0	1	0	0	1	3	0	3	3	0	0	4	0	0	0	0	0	0	NaN	1.745801568	NaN	NaN	NaN	NaN	NaN	NaN	NaN	NaN	NaN	NaN	NaN	NaN	NaN	NaN	NaN	NaN	NaN	NaN	NaN	NaN	NaN	NaN	NaN	NaN	NaN	1.545917511	NaN	0.906895339	2.907873392	NaN	NaN	10.3746109	NaN	NaN	NaN	NaN	NaN	NaN
cont_P02534		Ovis aries	"Keratin, type I microfibrillar 48 kDa, component 8C-1"	13.086577	1.6788143	-5.8640995	-5.787015	-4.0903444	-5.577612	-4.2076573	-4.6788726	2.179136	-0.73611987	1.7033663	3.8005183	-5.9262476	-5.3140845	-4.8835554	-1.8952742	-4.2967544	-6.1738925	-2.9179833	-5.6788616	1.2600402	-1.7653154	-5.574207	1.4940029	-5.2314296	5.2342753	11.336804	3.247736	9.246244	19.111145	14.943782	-6.275321	2.7771966	8.008847	-5.8664727	-5.246716	-4.8220096	-5.720659	-4.096434	-4.854585	1.24E-31	0.000533469	0.085431953	0.10785759	0.033473865	0.112268076	0.1146085	0.033796409	0.000388406	0.003049519	0.000232726	0.000303268	0.133302071	0.043054447	0.076163827	0.008674581	0.053768261	0.129937043	0.021662888	0.086182202	0.000467974	0.00460247	0.090652202	0.000241853	0.038713275	9.43E-06	1.48E-19	0.000109331	1.39E-14	5.49E-50	1.26E-27	0.116697947	0.000104928	7.03E-12	0.073387943	0.062095901	0.043876359	0.066854508	0.018037598	0.0594671	4	4	0	0	0	0	0	0	4	3	2	4	0	0	0	1	0	0	1	0	1	1	0	2	0	2	5	5	4	5	4	0	3	4	0	0	0	0	0	0	15.68062019	5.596560955	NaN	NaN	NaN	NaN	NaN	NaN	21.20596695	26.03828621	NaN	16.69263649	NaN	NaN	NaN	NaN	NaN	NaN	NaN	NaN	NaN	NaN	NaN	NaN	NaN	NaN	7.061260223	7.497283459	16.79080391	15.20813179	18.92785072	NaN	16.02475548	11.63181019	NaN	NaN	NaN	NaN	NaN	NaN
cont_P02662	CSN1S1	Bos taurus	Alpha-S1-casein	18.879818	14.263971	5.27474	2.2465158	3.6328442	4.397013	-0.0941001	4.2927494	9.330632	15.830478	17.79727	15.676493	0.99013126	3.9541206	3.230882	2.7135632	2.413463	-0.97961307	8.694692	2.1052568	10.279473	11.339196	-0.30362862	13.011418	12.470752	16.000328	21.054375	21.125732	24.29671	19.64724	17.266724	6.9475417	18.53462	17.311493	5.775901	4.1424584	2.4894326	2.2939212	2.9740098	4.368281	7.72E-41	7.23E-31	2.39E-05	0.00038963	0.000331696	0.000160899	0.011048798	8.17E-05	8.92E-14	1.73E-24	1.56E-30	1.50E-14	0.001223481	8.62E-05	0.000471793	0.000383276	0.000457498	0.004407784	1.10E-12	0.000499134	1.09E-15	7.01E-20	0.002537194	1.58E-20	1.21E-23	1.78E-31	1.09E-30	3.56E-26	3.93E-39	1.88E-52	9.46E-31	1.97E-08	9.79E-34	6.47E-37	1.09E-06	9.35E-05	0.000229739	0.000239517	0.000205328	0.000101632	11	9	5	5	5	5	5	5	5	9	11	9	5	5	5	4	5	4	6	5	7	6	5	9	7	11	14	13	15	13	11	6	12	12	5	5	5	5	5	5	899.2497559	2193.949951	384.6726379	232.9876404	80.49147797	203.0828247	98.29626465	163.0132446	1833.599731	1819.570801	2104.065186	1779.52771	180.1689453	379.0158081	120.2727585	52.36426544	102.6048431	94.39474487	519.972168	120.217865	250.7891083	520.2224731	121.9866257	1382.751709	563.9488525	661.1658936	1357.245972	1539.877075	6622.907715	1957.018921	3559.64917	193.8047028	1964.010254	1064.97937	175.2134705	65.5319519	152.8738098	70.22577667	92.27449036	151.6507874
cont_P02663	CSN1S2	Bos taurus	Alpha-S2-casein	11.585756	12.294374	0.36242348	-1.5133737	-1.7977504	-2.4286582	-3.915398	-2.5423543	6.857574	13.82245	15.266159	14.279349	-2.087677	2.6042101	-1.7276946	-1.8201876	-2.4443243	-3.322569	2.6667683	-1.8986665	7.6837387	4.834093	-1.6537852	5.010967	3.525598	4.7568474	12.883771	15.273749	20.191391	24.172752	13.686556	1.7197713	15.546755	13.58811	-1.0046908	0.846918	0.3621254	-1.57192	0.6872553	-0.6349673	1.54E-25	3.40E-23	0.001419692	0.005550759	0.008197394	0.013217536	0.097959667	0.008058425	1.29E-07	1.14E-22	1.55E-27	6.60E-14	0.009469363	0.000181996	0.009808688	0.008343164	0.015285716	0.019297418	0.000518732	0.006596423	6.21E-10	2.61E-05	0.006119889	1.48E-05	0.000150413	2.72E-05	3.81E-21	3.71E-21	4.23E-33	3.71E-64	5.38E-26	0.000364389	5.80E-30	9.05E-31	0.002310719	0.000801016	0.001100295	0.003825822	0.00069577	0.003342945	7	8	5	4	2	3	0	3	5	9	10	8	3	4	2	3	3	2	4	2	5	5	2	5	5	5	9	9	13	14	10	5	11	8	4	3	3	3	4	4	228.0954437	1457.256714	124.4178162	68.53240967	NaN	47.37420654	NaN	43.66087723	734.5400391	449.118927	875.1990967	720.8578491	65.74922943	93.84259033	NaN	25.1071949	29.95462418	NaN	171.3640289	NaN	79.6234436	99.36290741	NaN	167.6931152	103.2884979	94.59612274	242.5145721	499.3640137	2926.496826	1021.574524	1254.588501	92.96100616	795.6533203	359.0468445	42.7782402	25.36875153	46.64988327	18.33604813	37.72146225	55.40096664
cont_P02666	CSN2	Bos taurus	Beta-casein	16.144947	12.679275	0.5913686	4.3072815	2.699487	2.1557431	2.0627701	6.1400743	8.729253	13.310661	18.804642	18.148954	2.9443796	7.3012614	2.1534865	0.7345712	5.822081	3.0439918	5.540327	3.8914628	14.496911	13.127398	2.1255975	8.66182	8.864282	15.218437	16.750307	15.610088	19.171139	17.74436	15.536003	12.259195	20.829586	17.509695	6.479791	6.572423	5.031104	-0.32595128	8.484357	4.9871426	2.17E-36	1.43E-24	0.001172624	0.000146586	0.000566217	0.000685281	0.0029834	1.03E-06	1.89E-12	3.32E-22	8.97E-32	1.12E-15	0.000549942	1.49E-09	0.000515262	0.001313393	3.47E-06	0.000344126	1.34E-05	0.000222437	1.64E-29	3.88E-25	0.000340401	5.82E-13	6.75E-13	3.43E-30	1.85E-25	1.97E-21	1.13E-31	4.89E-43	1.94E-28	1.77E-27	1.01E-36	2.99E-37	7.01E-08	1.16E-07	1.84E-05	0.001647575	8.25E-12	3.22E-05	5	5	3	3	3	3	3	3	5	5	6	5	3	3	3	3	3	3	3	3	5	5	3	5	5	5	5	5	7	8	5	5	6	5	3	4	3	3	3	3	533.2922974	765.5741577	82.9748764	73.41331482	111.7182083	123.5778198	53.25760651	108.1438141	654.736084	819.2576294	796.8371582	925.4852905	139.098999	172.3153839	80.67583466	22.37738609	143.9079437	60.41877747	191.2959747	53.31903839	196.168396	269.7543335	47.30305481	407.4599304	169.8820496	253.6080475	291.3380432	423.6901855	1944.763916	1016.080933	1108.88147	204.7480164	696.0349121	445.6278381	93.58638	50.4956131	146.8060303	15.02951431	78.02584076	66.713974
cont_P02668	CSN3	Bos taurus	Kappa-casein	5.2461195	11.541722	3.1312053	-1.2163181	-2.1931164	-3.8918662	-5.1890464	1.5204517	4.8383694	8.177706	9.754283	13.506612	-4.7948213	1.1067777	-1.0547731	-1.1720185	0.84926367	0.35885832	1.0444819	-2.5512366	2.0903015	2.2553947	-1.0053536	1.4196583	0.57664686	4.3336453	7.745247	8.849541	16.871569	17.55867	11.596208	-0.16018455	15.191168	14.372603	0.65026826	3.63483	-2.3694556	-0.10236394	-0.78994524	-2.7740703	7.59E-06	1.31E-20	0.000353289	0.004776975	0.009633795	0.035074976	0.20532697	0.000390973	7.03E-05	3.11E-10	2.26E-16	1.48E-13	0.06105594	0.000442155	0.006775207	0.005586021	0.001418626	0.001733484	0.001266752	0.009403883	0.000323365	0.000315015	0.00409716	0.000259459	0.000736005	5.38E-05	5.66E-11	4.18E-13	1.39E-28	3.80E-42	2.21E-23	0.001864982	1.54E-29	5.42E-32	0.000624159	0.000168378	0.007757968	0.001429469	0.002022059	0.014113917	3	5	4	2	1	1	0	1	5	5	5	5	0	2	1	1	1	1	2	1	2	3	2	2	3	2	5	5	5	5	5	3	5	5	2	2	2	1	2	1	272.1907349	1296.674683	99.00003815	NaN	NaN	NaN	NaN	NaN	629.8389893	714.8569946	921.3276978	631.8995972	NaN	NaN	NaN	NaN	NaN	NaN	NaN	NaN	NaN	77.78311157	NaN	NaN	52.14333344	NaN	187.0488434	468.2645569	2266.247559	1050.66394	1129.200317	79.96217346	542.0408325	322.9670105	NaN	NaN	NaN	NaN	NaN	NaN
cont_P02768	ALB	Homo sapiens	Albumin	11.914392	14.760392	6.7056723	5.4012623	4.5430546	3.0650835	2.3083458	5.162609	5.935027	11.639402	14.446994	17.606524	4.5376935	7.871632	1.2528042	5.6158113	5.549654	1.4510319	4.3687344	4.180071	9.1150255	8.251043	2.9513001	9.407803	11.17361	11.147158	15.650792	15.204185	16.754831	20.878473	13.637225	7.095902	15.509043	22.0486	11.837871	12.334148	5.400452	2.6188023	8.663357	8.029083	2.98E-27	7.19E-33	2.44E-07	1.86E-05	9.56E-05	0.000557909	0.002975638	1.73E-05	4.52E-06	2.85E-18	1.33E-26	2.02E-15	0.000108609	4.54E-11	0.0009837	1.29E-05	8.24E-06	0.000616546	0.000168797	0.000159698	7.39E-13	2.28E-11	0.000314404	1.85E-15	2.84E-19	1.75E-17	3.41E-24	4.15E-21	1.97E-28	8.65E-56	6.10E-26	9.21E-09	6.36E-30	2.78E-45	8.75E-28	6.22E-23	7.15E-06	0.000233939	3.27E-12	4.83E-11	21	27	12	10	8	7	5	14	12	21	27	31	12	15	9	12	13	6	10	8	19	16	10	20	20	22	27	26	30	38	24	14	28	42	21	21	10	7	17	16	182.6583252	1304.736084	328.0567017	276.3214722	281.4618225	225.4730377	144.0667572	189.0309143	494.0285645	405.3992615	628.7901001	1235.195801	216.7471313	269.2997742	208.8143005	117.233078	181.0696411	157.8851929	211.3705139	267.7015381	186.1989899	189.5792236	179.8803406	231.64505	419.1784058	200.8775177	325.4690857	698.2918091	762.8607788	750.6604614	1100.856201	196.63797	407.2450867	5067.780273	498.77005	173.5235138	234.2957001	124.4841232	204.814682	216.6770172
cont_P02769	ALB	Bos taurus	Albumin	22.801403	10.4427805	9.920799	13.291862	11.521942	12.310322	8.360303	19.183023	8.063772	17.521492	17.01635	19.375835	16.904919	13.423369	14.745774	11.586084	14.778254	15.759411	12.68693	13.801569	19.647902	15.661828	10.620627	14.90642	15.466667	19.069174	17.910484	10.964172	20.324041	23.07213	19.373842	9.927766	21.377136	19.708584	16.605833	16.033504	11.137106	11.499447	17.985842	18.037472	5.74E-48	3.99E-17	1.57E-13	6.41E-22	4.22E-19	2.37E-22	2.02E-10	6.71E-45	1.37E-10	3.55E-26	1.29E-29	3.19E-16	3.75E-40	5.16E-37	5.62E-22	5.30E-23	1.14E-28	1.05E-24	2.16E-18	1.04E-25	1.51E-53	2.17E-28	2.57E-20	6.69E-22	8.49E-32	1.58E-36	8.43E-27	1.11E-17	2.84E-33	2.64E-61	9.30E-34	8.25E-18	1.97E-37	3.97E-41	2.25E-40	5.08E-28	8.86E-23	1.24E-21	1.18E-28	4.71E-45	10	5	5	6	5	7	5	9	5	11	11	11	7	6	6	6	7	7	6	5	8	7	5	5	6	10	11	5	11	12	12	5	9	11	7	8	5	5	8	7	163.9511108	67.93717194	358.2398682	416.8728638	386.281189	371.1942444	191.6493073	311.0357361	243.9628754	326.0103149	216.867981	155.5026093	419.3983765	378.7696228	263.9122009	132.0997314	390.0469055	382.6016235	371.1827393	475.4552307	246.4414825	278.6908569	315.8330078	209.3882294	222.7754669	166.3639374	98.34338379	68.39667511	167.8063812	81.28871918	118.5060043	152.9672241	158.1906433	47.48117828	322.1761475	194.1948547	390.6880798	184.9649811	412.9378357	354.1405945
cont_P02787	TF	Homo sapiens	Serotransferrin	-1.8854867	12.029052	-3.7095325	-4.9001136	-4.007288	-5.508282	-5.612869	-5.710615	-0.8950987	-3.1672542	3.9468188	11.803764	-5.736639	-5.0503407	-5.3579087	-4.5787935	-5.925387	-5.478136	-5.411887	-5.3614297	-1.7251072	-5.3347697	-5.3504333	-2.976554	-2.8382854	-1.6798626	-0.12351676	7.113094	4.926669	16.711124	10.214458	-4.9067073	2.6192274	23.605276	-1.217266	-3.7574775	-4.8337893	-5.2141905	-5.1376987	-5.3949	0.005056822	2.99E-22	0.018682251	0.055870831	0.032824202	0.107040674	0.269821095	0.072452914	0.003782164	0.013894556	9.83E-05	8.63E-13	0.122917906	0.035763279	0.110957066	0.048135268	0.180320192	0.088943188	0.127417468	0.070649179	0.004269929	0.058004254	0.076076947	0.007081414	0.007039747	0.002954467	0.000225045	4.35E-09	1.49E-05	3.62E-38	1.64E-18	0.044964704	0.000111489	3.98E-48	0.002678462	0.02022883	0.043920104	0.044537146	0.038037596	0.091227423	5	10	3	0	1	0	0	0	5	4	7	13	0	0	0	4	0	0	0	0	5	0	0	2	5	4	5	7	6	16	9	0	5	25	5	3	0	0	0	0	10.16613674	45.17366028	37.2219696	NaN	NaN	NaN	NaN	NaN	11.23385525	12.2840395	10.05431175	21.60787201	NaN	NaN	NaN	8.44817543	NaN	NaN	NaN	NaN	14.81843567	NaN	NaN	NaN	9.688259125	6.803313732	5.055950165	13.61178493	14.35211182	18.11110878	23.05296326	NaN	9.133274078	85.83137512	37.53131485	8.675927162	NaN	NaN	NaN	NaN
cont_P02788	LTF	Homo sapiens	Lactotransferrin	16.709448	15.63578	1.7010651	-0.4071524	-0.9333146	0.016580632	-1.8716966	1.6351019	9.9231	11.618718	17.970863	19.059439	2.409358	4.034243	-0.34300494	6.6260633	0.7374856	1.8570764	3.6517673	0.57336277	16.94545	12.130427	1.0457278	9.441276	10.716187	14.384501	18.32241	16.854006	17.46674	23.363392	16.870613	5.6915026	20.417717	21.592306	4.4270735	6.168859	0.6660647	-0.9718316	2.5412357	4.2539973	2.59E-37	4.60E-35	0.000551041	0.002911692	0.005174213	0.002771731	0.029762366	0.000351332	4.18E-14	3.16E-18	1.03E-30	4.12E-16	0.000627617	8.06E-05	0.003953966	4.18E-07	0.001558824	0.000436225	0.000368937	0.001386491	3.67E-40	1.68E-22	0.000831042	1.44E-15	7.11E-18	7.00E-28	2.70E-27	1.76E-22	2.22E-29	4.93E-62	3.49E-30	3.77E-06	3.48E-36	1.84E-44	3.67E-05	5.58E-07	0.00087168	0.002684857	0.000239727	0.000118357	13	13	5	5	5	5	4	5	7	11	16	17	5	5	5	7	5	5	5	5	13	9	5	7	10	13	16	14	17	20	15	5	18	19	6	6	5	5	5	5	119.8118057	219.4861145	60.74416351	56.31838226	68.78066254	68.34277344	48.75577927	56.90429306	250.5237274	84.46865845	183.0659485	237.2923584	66.3221817	101.9740295	46.693367	56.41522217	60.44542694	53.96214294	93.95933533	71.00860596	103.5387421	96.72081757	53.92977524	163.5399323	111.6696396	89.22193909	82.85276031	114.2322617	171.9817657	235.58992	288.382843	76.77320099	168.2408142	229.2699585	47.47360992	49.67486954	65.00369263	21.10210419	45.02389908	65.58005524
cont_P04040	CAT	Homo sapiens	Catalase	14.537251	14.222688	0.24643254	2.511662	1.0958151	1.4960924	0.6306643	2.4685595	6.3328915	11.093778	17.55195	16.091301	0.6676166	5.6204357	3.3243098	13.674142	1.2645929	0.98196197	0.66696864	-0.745222	12.718311	7.041218	2.4372866	6.706142	15.387338	9.586047	20.172684	16.629831	19.304123	20.771736	16.561737	9.871089	15.261541	21.248857	4.0696774	8.30943	2.8407474	10.830807	2.0945432	3.5076187	7.77E-34	1.04E-30	0.001501505	0.000382495	0.00113413	0.00085882	0.006845865	0.000241393	1.07E-06	8.58E-17	3.12E-30	9.27E-15	0.001554891	2.74E-06	0.000456792	1.40E-26	0.000939325	0.001013402	0.001789362	0.003328837	5.39E-23	1.29E-08	0.000332094	4.94E-08	1.08E-31	1.43E-13	1.34E-29	2.62E-22	7.50E-32	1.62E-55	8.05E-30	1.30E-17	1.28E-29	5.84E-44	6.21E-05	1.87E-11	0.000219367	5.95E-21	0.000273446	0.00024443	18	18	5	5	5	5	5	6	7	12	23	21	5	9	7	17	5	5	5	5	17	11	6	11	18	15	29	24	26	28	24	16	21	30	10	11	5	14	6	8	40.91432953	209.5558167	40.04702759	45.24536133	35.81781006	34.65574646	49.78103638	35.40688705	76.00630951	72.01356506	106.037796	146.8804169	33.57654953	52.00133514	41.78836823	219.1371613	25.66017342	37.09005737	27.47058105	38.02270508	33.75400162	28.2041111	33.86467743	27.44648933	144.2948456	30.73269463	116.3317642	135.3001099	98.70472717	105.0491104	122.1554413	80.16717529	60.64953613	124.2811737	37.16504669	56.22592163	37.58692169	153.447403	31.72544098	38.20861435
cont_P04264	KRT1	Homo sapiens	"Keratin, type II cytoskeletal 1"	23.88426	14.273809	6.0522532	8.416499	6.219798	7.399983	13.490737	11.25177	8.179501	14.717037	16.786806	17.9708	7.7400765	10.728702	13.102144	19.796778	11.742251	6.711962	9.950414	7.54846	22.46378	15.5973	11.360451	16.744125	12.671767	19.756065	20.923033	18.692553	19.47049	21.110722	14.414312	15.562857	19.966347	18.40691	11.0152445	21.007032	8.988739	16.533533	11.45813	11.288641	4.83E-50	6.92E-31	2.56E-06	2.10E-11	1.02E-06	6.64E-09	4.36E-26	2.33E-22	6.72E-11	1.85E-23	2.45E-29	1.33E-15	8.61E-10	7.55E-22	3.29E-20	2.37E-35	1.99E-24	9.17E-08	2.59E-16	5.66E-09	9.99E-61	2.46E-28	1.10E-23	2.17E-23	2.64E-24	1.14E-37	1.53E-30	5.40E-24	4.72E-32	2.27E-56	6.26E-27	6.21E-33	1.36E-35	7.84E-39	1.69E-23	8.17E-35	4.36E-14	1.05E-26	1.11E-19	6.56E-24	85	53	31	30	28	31	43	42	38	53	62	70	32	39	49	78	41	28	42	31	74	58	47	68	44	76	80	71	70	80	59	66	74	72	43	74	36	68	44	40	7454.771484	7214.407227	1765.74585	1712.833862	1435.932617	1711.369507	19647.90039	1462.52832	3596.136719	3797.335449	4104.127441	9243.59668	1550.706787	2230.560791	16072.3125	50890.53906	1543.515747	1796.537354	1784.137817	1562.335815	3382.250977	2279.338379	3935.531738	5771.57666	2224.01416	3260.457764	20318.48242	15840.9873	7162.707031	6659.913086	4836.024902	13331.89453	13639.79688	5914.76416	1720.144653	13879.22461	1662.181519	39160.54688	1673.903931	1682.049683
cont_P06396	GSN	Homo sapiens	Gelsolin	10.276542	15.535612	-2.2364638	-2.74149	-4.093883	-3.9839282	-4.8231087	-2.7581644	2.1444328	3.7112298	8.315373	9.033809	-3.6464136	-1.7973071	-3.7456553	1.645423	-2.7667952	-5.1488132	-2.5161467	-4.4413466	6.193441	0.17237781	-4.4626026	1.1469347	12.583192	4.4341555	14.80686	13.875252	11.958637	19.99979	10.553058	-2.4622788	8.921133	20.041399	1.7256807	-0.20785592	-2.4981284	-2.8142807	-1.5114275	-3.3414743	2.08E-19	6.48E-35	0.007219608	0.012174656	0.033473865	0.036307638	0.163611686	0.008994862	0.000388406	0.000219728	1.21E-11	1.88E-11	0.027372911	0.003894402	0.036607432	0.000535813	0.018751899	0.070125802	0.016094731	0.035162902	3.17E-07	0.001148597	0.037115668	0.000351868	5.21E-24	4.66E-05	2.81E-23	6.03E-20	2.23E-22	1.61E-53	6.71E-20	0.008485301	1.61E-13	9.87E-42	0.000207444	0.001853631	0.008343556	0.008078765	0.003352948	0.021555659	8	16	3	4	1	1	0	3	5	5	8	8	1	5	2	5	1	0	3	1	6	5	2	5	10	6	13	10	10	18	9	4	9	19	5	5	4	4	1	2	38.73675156	160.7812958	16.4778595	14.66263485	NaN	NaN	NaN	19.0901432	58.40611267	29.21844292	30.75218773	49.63196182	NaN	8.418654442	NaN	8.126991272	NaN	NaN	18.28808212	NaN	22.09819794	12.28847122	NaN	15.90289688	63.90729523	13.25448704	25.877285	54.60080338	31.40050507	47.6449852	55.19849777	5.25932312	19.78442764	137.621048	19.882761	7.364128113	11.21194649	7.25881958	NaN	NaN
cont_P07339	CTSD	Homo sapiens	Cathepsin D	15.191343	15.405083	6.0309396	4.862163	4.771336	4.0082765	2.9413807	10.6503315	13.237026	11.465589	21.78654	19.312437	7.9244723	9.161546	8.570662	11.686681	10.119975	5.3990574	2.3510711	3.1497762	15.879335	8.666035	7.3362727	12.505402	19.824665	14.456739	18.34868	19.37272	23.085993	22.564827	17.27348	9.294909	19.337753	21.625856	11.209861	6.755303	5.374757	10.128648	7.111394	9.90597	7.24E-35	9.90E-35	2.67E-06	6.18E-05	6.30E-05	0.000259025	0.002405701	1.06E-19	3.48E-16	8.13E-18	2.05E-35	3.19E-16	3.27E-10	2.69E-15	2.60E-12	2.12E-23	4.47E-18	1.24E-05	0.000536567	0.000368936	2.61E-35	2.20E-12	4.12E-09	3.87E-20	4.20E-39	3.93E-28	2.61E-27	1.51E-24	3.29E-37	5.41E-60	9.46E-31	2.41E-15	9.07E-35	1.68E-44	1.84E-24	5.33E-08	7.57E-06	7.27E-19	7.86E-09	1.32E-17	7	10	5	5	5	5	5	6	7	7	11	11	5	7	5	7	6	5	5	5	8	7	6	8	10	9	12	11	12	11	9	8	10	13	6	5	5	6	5	6	389.0348816	2325.838623	240.3856201	210.2017365	200.6232758	204.9411469	418.2150879	193.3209991	1161.771729	537.5541992	1840.987427	1255.885498	185.562912	534.6923828	126.1221313	330.4112244	216.3332214	219.5720215	158.0847626	218.6872101	364.5649414	212.5228119	170.766098	435.0052795	1402.866211	607.0806885	740.0217285	783.3540039	1286.48999	820.7420044	1399.19812	292.4618225	1159.922729	2336.231934	264.7937012	171.6366425	228.2846527	360.0395203	161.0173187	226.23349
cont_P08311	CTSG	Homo sapiens	Cathepsin G	9.523081	2.2425559	-5.445352	-5.5206423	-2.154902	-6.838922	-6.1895943	-2.7478197	2.2923646	-4.743894	3.5357466	14.847202	-5.2893724	-4.9287634	-4.4013486	6.3703337	-7.5424542	-6.520041	-5.649057	-7.7451825	5.4899693	-4.3883715	-5.054815	0.54454476	-0.24729581	-2.8384633	5.1638846	9.196833	6.966808	20.363297	12.6979475	-4.402951	4.1772237	11.566382	-7.1264186	-4.91982	-6.6105924	-4.955806	-3.7462208	-6.9113946	2.29E-16	0.000458233	0.065117246	0.090942952	0.009524676	0.202517564	0.359100207	0.008994862	0.000388406	0.04120089	0.000126048	3.76E-14	0.088711335	0.032373966	0.055609193	1.13E-06	0.282651558	0.151231817	0.150472655	0.168683268	3.84E-06	0.028202505	0.059440477	0.000623552	0.001318355	0.00629865	2.13E-06	5.79E-14	1.90E-08	1.86E-54	9.00E-25	0.031692459	3.23E-05	2.15E-26	0.115434812	0.047074969	0.131298708	0.037015917	0.014526749	0.189726151	1	2	0	0	1	0	0	0	2	0	2	2	0	0	0	1	0	0	0	0	1	0	0	1	1	1	2	3	2	3	3	0	1	3	0	0	0	0	0	0	NaN	NaN	NaN	NaN	NaN	NaN	NaN	NaN	NaN	NaN	NaN	NaN	NaN	NaN	NaN	NaN	NaN	NaN	NaN	NaN	NaN	NaN	NaN	NaN	NaN	NaN	NaN	6.06570673	NaN	6.626772881	7.080982208	NaN	NaN	6.401923656	NaN	NaN	NaN	NaN	NaN	NaN
cont_P08758	ANXA5	Homo sapiens	Annexin A5	0.6283337	14.904031	-0.5287761	-1.393852	-2.5634925	-3.789673	-3.283487	0.21750285	0.7323896	-1.8527606	9.086514	11.028948	-1.7528741	-0.04524548	-1.4204844	1.0510741	0.93054086	1.0591248	-0.6897358	-1.3602527	0.8874875	-2.8416638	-2.8212278	-2.8942258	7.9771914	0.23519167	17.12973	16.919434	15.331688	14.938272	14.423646	-1.8741877	11.0730505	20.790667	0.63393396	1.3776971	-2.851273	-3.3258898	-1.5405029	-0.7250854	0.000781503	2.14E-33	0.002497386	0.005317661	0.01197353	0.033333527	0.070864865	0.001316311	0.001121153	0.006041385	5.10E-14	1.87E-12	0.007982631	0.001175818	0.008198898	0.000988072	0.001343038	0.000948287	0.00473939	0.004820294	0.000654173	0.009183902	0.012743372	0.006716462	8.97E-11	0.000830476	6.62E-26	1.62E-22	1.47E-26	1.37E-30	6.26E-27	0.005955512	1.45E-19	4.09E-43	0.000626751	0.000513768	0.010398178	0.011831668	0.003382507	0.003498338	4	9	4	2	2	2	0	2	5	3	6	6	2	2	2	4	3	2	3	2	5	2	2	3	5	4	11	8	7	8	7	3	7	11	4	4	2	2	2	2	17.0780468	224.1564941	41.60907364	NaN	NaN	NaN	NaN	NaN	50.57244492	33.50866318	40.34627151	42.46601486	NaN	NaN	NaN	19.20992661	26.24650955	NaN	48.54613876	NaN	37.59209824	NaN	NaN	17.26706314	60.15214157	15.81901264	93.56413269	90.56719971	62.9972229	44.34774017	63.08616638	28.35548019	37.98406219	89.77302551	32.27204132	17.95663261	NaN	NaN	NaN	NaN
cont_P09211	GSTP1	Homo sapiens	Glutathione S-transferase P	-2.8815465	17.93682	-2.7149067	-3.924779	-4.2470865	-3.9297132	-3.276474	-5.553136	-2.3841066	-5.662783	-0.70882154	8.541274	-5.9693456	-3.5030105	-4.6128435	2.9794257	-4.018118	-5.468685	-6.082706	-4.7493463	-0.7323779	-4.933407	-4.2484727	-2.3034496	3.4525826	-3.5604756	17.97358	17.299578	2.0625079	17.082779	8.295391	-4.4903708	-0.107863635	19.699911	-4.4011807	-5.379302	-5.0287576	-3.3944564	-5.59135	-4.7884507	0.009466114	2.64E-39	0.009483505	0.027556433	0.037024642	0.035649486	0.070864865	0.064499325	0.009087264	0.083028426	0.001917041	7.47E-11	0.135914642	0.012156333	0.06435172	0.000383276	0.045797214	0.088943188	0.195236592	0.043362211	0.002219418	0.041925718	0.032789895	0.004569745	0.000157976	0.010799086	7.29E-27	8.61E-23	0.000133752	7.05E-40	6.67E-12	0.033277129	0.000627129	4.00E-41	0.024348684	0.068577829	0.051672703	0.012234005	0.053546503	0.056711021	1	12	3	1	0	2	0	0	3	0	3	5	0	1	0	5	0	0	0	0	5	0	2	3	5	3	10	11	5	9	5	1	5	13	0	0	0	3	0	0	NaN	162.4322052	13.05711842	NaN	NaN	NaN	NaN	NaN	8.988325119	NaN	19.38604927	27.8647995	NaN	NaN	NaN	25.89269638	NaN	NaN	NaN	NaN	10.37956524	NaN	NaN	10.76455402	29.56556129	7.774347782	61.670681	54.02303696	14.28395367	33.98766708	26.35490799	NaN	10.42744446	40.20829773	NaN	NaN	NaN	14.3643856	NaN	NaN
cont_P0DTE7;cont_P0DTE8;cont_P0DUB6	AMY1B;AMY1C;AMY1A	Homo sapiens	Alpha-amylase 1B;Alpha-amylase 1C;Alpha-amylase 1A	19.019262	13.306861	-1.5602162	0.43656674	-2.03469	-1.096286	-1.4622444	-1.7059542	4.9488425	5.6689386	13.590871	14.965746	0.15784957	0.45204574	3.0020247	10.110777	0.2755942	-0.2766293	-0.04202664	0.33900326	13.621342	3.839148	-0.8633266	6.694981	2.292558	11.839033	17.660753	13.543246	18.561327	22.568602	16.62651	0.77545613	14.975178	18.194902	3.727087	5.193762	-0.21005861	-1.4929776	0.39579502	0.96947	4.79E-41	5.87E-27	0.004806447	0.001640697	0.009197725	0.005802612	0.024449245	0.004738134	5.88E-05	6.13E-06	1.25E-25	3.37E-14	0.002278397	0.000816929	0.000474007	7.81E-17	0.002294703	0.002693782	0.003110899	0.001643073	3.42E-26	0.000124369	0.003817309	5.09E-08	0.000267057	1.98E-19	1.69E-26	1.08E-19	6.98E-31	5.41E-60	6.79E-30	0.000899477	2.83E-29	1.86E-38	9.11E-05	1.23E-05	0.001768725	0.00368848	0.000888796	0.000952164	11	7	4	4	2	5	1	2	5	5	8	7	3	5	3	5	3	2	4	5	7	5	5	5	5	9	11	8	10	13	11	5	10	10	4	5	4	4	3	4	19.24493408	19.45244026	15.47451973	19.34827995	NaN	15.00621891	NaN	NaN	22.67347908	15.87820148	21.50963211	20.39517212	14.24359989	11.79844284	6.408072948	22.64165497	8.641260147	NaN	15.88117027	9.148848534	15.1435833	14.20224953	10.7667408	17.8223629	11.94056988	20.25087166	21.5479393	8.300559998	18.77013588	21.44725227	28.42705727	5.585977554	18.36346817	13.18219662	18.52434158	7.055992126	14.43834496	4.422297955	19.13848114	10.41454601
cont_P10599	TXN	Homo sapiens	Thioredoxin	11.957748	13.281948	9.078917	5.646736	2.5811176	6.761262	8.835876	7.0189333	7.9983063	12.874769	17.865063	14.57948	2.5466597	9.02097	6.187438	9.781477	7.4874625	3.2288663	0.32085055	7.786097	10.383247	9.280475	2.462935	13.759853	15.127265	8.357583	21.473328	18.007225	19.367414	21.818127	13.578344	9.918462	15.691736	22.637781	11.072904	9.700954	6.4290957	8.063719	5.481843	6.490248	1.78E-27	7.09E-27	9.82E-12	9.86E-06	0.0005825	1.32E-07	1.55E-11	2.73E-08	1.98E-10	1.29E-21	1.34E-30	4.73E-14	0.000625376	8.64E-15	1.26E-06	1.25E-15	1.85E-09	0.000327438	0.002329433	1.96E-09	5.86E-16	6.29E-14	0.000332094	4.49E-21	2.76E-31	5.39E-11	3.36E-31	2.03E-23	6.37E-32	3.55E-58	7.14E-26	8.63E-18	3.86E-30	2.92E-46	8.87E-24	6.79E-15	2.03E-07	2.42E-11	4.20E-06	2.31E-07	5	8	5	5	4	5	5	5	5	5	9	7	4	4	5	5	5	4	3	4	5	5	5	6	6	5	11	10	9	11	5	5	7	11	5	5	4	5	4	4	143.8064423	966.526001	181.3577271	122.1733704	176.3831482	116.1768036	608.2922363	104.6127167	526.2670288	593.7422485	625.5819092	852.7357178	177.5531311	237.4064178	466.4768372	426.1957703	128.6819458	128.5165405	123.1080399	97.57274628	105.9486847	120.8547821	97.48805237	159.2185364	1011.432617	92.7746582	666.4822998	902.4071045	984.0568237	435.9413147	1286.339722	173.4931335	335.4168396	1225.346313	345.239624	106.7196884	93.90817261	472.7456055	133.6606293	110.3273315
cont_P12081	HARS1	Homo sapiens	"Histidine--tRNA ligase, cytoplasmic"	7.5486226	15.7611475	-2.5053916	-3.2423677	-1.2757084	-3.0589838	1.6501439	-1.9914455	0.752128	-1.2329684	10.241144	9.044335	-1.5936122	-2.382463	-1.8052893	8.573643	-2.7075155	-2.5158381	-1.1349093	-3.8081129	-0.609598	-2.22025	-2.1519594	-1.5648582	5.993086	-1.1629583	16.3381	17.146547	16.647436	15.206091	11.31862	-1.197192	5.327232	18.526552	-2.4853735	-2.9034052	-1.9919	1.1079015	-2.6409845	-3.4773884	4.27E-10	2.97E-35	0.008308562	0.017455141	0.006486845	0.020203701	0.003197222	0.00571732	0.001117136	0.004087425	3.01E-18	1.88E-11	0.00742005	0.005485735	0.010189127	1.12E-11	0.018174281	0.011388167	0.006459183	0.023684848	0.002066434	0.006067413	0.008137344	0.002826557	8.48E-07	0.002114228	5.76E-25	1.14E-22	2.71E-28	1.19E-31	7.03E-23	0.003824101	2.94E-06	5.08E-39	0.006272873	0.011333537	0.006184729	0.000552403	0.006476968	0.023585841	6	13	3	2	4	3	5	3	5	4	8	7	4	5	4	7	3	4	4	2	5	4	5	4	5	5	12	12	11	12	9	5	5	13	4	4	3	5	3	1	33.22893524	226.3212585	42.25242996	NaN	29.36228752	28.59547997	44.41028595	50.80553436	35.31768036	18.1888504	44.49523926	30.12841034	42.49264908	22.09840584	33.86846161	69.65150452	33.48183441	37.36527252	27.55107498	NaN	22.00815773	27.3427906	16.84917831	20.5462265	62.69384766	18.71052933	66.02128601	101.8353577	59.37468719	28.23363495	37.12240982	18.40400505	28.62154007	50.50875854	20.57123947	10.87000084	30.52239418	25.20093918	40.09514999	NaN
cont_P13645	KRT10	Homo sapiens	"Keratin, type I cytoskeletal 10"	20.664389	12.393529	3.3420198	4.413808	4.690929	3.3061194	10.937818	7.375761	5.7761717	10.608203	13.242515	16.92012	5.7472687	6.278166	10.852727	17.564419	7.833478	3.384463	6.2678285	4.3748226	17.384047	11.563541	10.371624	13.148284	9.087813	17.92416	19.22367	16.914022	17.256245	19.105093	12.049953	14.566912	19.516905	17.442854	7.5061784	21.087435	6.2850113	17.367298	10.056223	10.341261	5.62E-44	1.51E-23	0.000316282	0.000128658	7.29E-05	0.000510604	3.83E-17	4.67E-09	7.23E-06	1.54E-15	2.84E-25	4.19E-15	5.42E-06	2.31E-07	7.10E-18	3.86E-32	2.40E-10	0.000304292	1.12E-06	0.000122867	2.98E-42	1.33E-20	3.10E-19	1.29E-20	1.89E-13	1.54E-34	2.14E-28	1.62E-22	4.18E-29	5.76E-50	5.88E-24	3.06E-31	5.27E-35	3.86E-37	3.14E-10	6.59E-35	3.64E-07	1.34E-27	1.26E-15	1.92E-19	76	43	18	22	21	22	28	30	23	44	55	66	29	29	45	70	32	18	30	22	67	44	45	54	35	71	78	67	68	75	46	65	74	68	30	71	31	77	40	41	6826.040039	6219.830566	1315.763428	1102.277954	1154.365967	1087.541382	30017.74805	1248.333862	3137.177734	2467.954102	2926.79126	11361.85742	1188.626831	1482.1698	22861.09375	26066.69727	1142.754639	1097.240601	1450.657593	981.9066772	2270.422363	1664.344238	4028.631592	5144.885742	1825.739258	2975.41748	15388.26172	13097.21973	7596.47168	9040.942383	5586.778809	40104.53125	11944.24219	5921.974609	1254.956299	24138.43945	1466.737061	54159.62109	1361.925781	2059.012207
cont_P15252		Hevea brasiliensis	Rubber elongation factor protein	17.058298	5.4788966	-3.3250647	-5.4166856	-4.029736	-6.4668326	-3.5873113	-5.551024	3.2445614	15.095299	18.105616	21.865108	-4.9150534	-2.2770839	-3.7035463	-4.721515	-4.4998093	-5.8353086	-1.6585473	-5.1598926	5.8216243	-2.3458774	-3.6377144	8.531486	-1.6194228	20.388184	15.687681	12.258841	20.693615	23.507467	19.13435	-0.26257947	22.786072	21.413103	-3.4396353	-4.4011793	-2.839574	-5.1839466	-5.4572697	-5.893865	6.83E-38	7.15E-06	0.014826643	0.084122531	0.032827096	0.181757232	0.08141298	0.064499325	0.000360754	9.31E-24	7.22E-31	1.92E-17	0.065680559	0.005154721	0.03592101	0.053600813	0.060859183	0.11077836	0.009204162	0.06016904	1.27E-06	0.006486233	0.022470531	1.41E-12	0.00334358	8.69E-39	3.16E-24	1.05E-18	8.15E-34	2.19E-62	1.99E-33	0.001996266	2.80E-39	3.29E-44	0.012492874	0.031215477	0.010398178	0.043725123	0.049092763	0.129753305	5	5	1	0	0	0	0	0	4	5	5	5	0	1	1	0	0	0	1	0	2	2	1	5	2	5	5	5	5	5	5	3	5	5	0	0	0	0	0	0	24.52811813	9.480406761	NaN	NaN	NaN	NaN	NaN	NaN	20.85866356	27.72208786	36.55430984	53.25355911	NaN	NaN	NaN	NaN	NaN	NaN	NaN	NaN	NaN	NaN	NaN	25.34131432	NaN	34.97898865	9.579040527	18.18710136	46.47718048	94.29535675	80.68820953	5.43150568	36.59071732	21.42120552	NaN	NaN	NaN	NaN	NaN	NaN
cont_P16083	NQO2	Homo sapiens	Ribosyldihydronicotinamide dehydrogenase [quinone]	7.3122635	15.467344	-3.442025	-5.3498926	-5.021776	-5.326059	-5.5923862	-5.857405	-5.327492	0.5216358	11.827722	5.956406	-4.0298405	-6.9929023	-6.2781467	-0.55938727	-6.6479373	-5.6140256	-6.234079	-6.565799	-4.9615097	-3.914405	-6.23967	-3.8017397	5.827931	-5.6684446	10.829679	10.808573	11.110924	14.792008	11.67886	-4.4566193	-1.8932867	14.382971	-5.02876	-6.8922863	-5.6953254	-3.3162632	-6.301443	-5.8482323	1.57E-09	8.06E-35	0.015760748	0.080162001	0.065306582	0.095033786	0.268308149	0.079231924	0.068936339	0.001161836	1.06E-23	3.94E-06	0.034360865	0.100603464	0.18947086	0.003627767	0.238396465	0.098749114	0.205149291	0.131607469	0.042181458	0.020164361	0.135346127	0.012624046	1.46E-06	0.055085591	4.57E-19	1.56E-17	2.76E-21	5.20E-30	1.73E-23	0.032718676	0.002113881	5.30E-32	0.038860613	0.144227378	0.085495135	0.011831668	0.080878391	0.126867686	2	5	1	0	0	0	0	0	0	3	4	5	0	0	0	3	0	0	0	0	0	1	0	0	4	0	5	5	5	5	5	0	3	5	0	0	0	1	0	0	NaN	75.31911469	NaN	NaN	NaN	NaN	NaN	NaN	NaN	10.7256422	27.86940384	17.68203163	NaN	NaN	NaN	13.04071522	NaN	NaN	NaN	NaN	NaN	NaN	NaN	NaN	29.03604698	NaN	17.77050209	28.3491993	20.69984055	14.92119789	19.64568901	NaN	6.808448315	13.75858498	NaN	NaN	NaN	NaN	NaN	NaN
cont_P35527	KRT9	Homo sapiens	"Keratin, type I cytoskeletal 9"	18.399834	12.60912	3.503829	5.931877	3.490807	4.387347	0.5633954	5.2530375	4.340351	11.895845	12.280849	12.626991	4.8534393	6.953647	2.358257	20.225508	8.722236	3.9030228	4.565265	3.575874	15.024801	11.232845	6.2542863	11.15122	9.305317	14.517998	20.828468	16.330362	12.922298	15.186442	10.0948925	3.655352	16.037907	14.279686	5.8424907	6.3195896	4.454825	5.402761	6.0774245	6.4025702	4.15E-40	2.46E-24	0.000302358	4.25E-06	0.000371033	0.000160899	0.007042281	1.42E-05	0.000153799	5.46E-19	3.30E-24	3.81E-13	6.00E-05	9.89E-09	0.000509169	6.73E-36	5.80E-13	0.000211689	0.000124463	0.000284369	1.20E-31	1.52E-19	6.70E-07	3.96E-19	5.52E-14	2.44E-28	1.92E-30	4.61E-22	1.64E-23	1.41E-31	4.88E-18	0.000206463	1.42E-30	7.43E-32	8.72E-07	3.28E-07	5.92E-05	9.60E-06	5.97E-07	3.33E-07	67	46	20	23	19	24	11	25	18	43	53	51	23	28	19	82	35	21	23	18	51	41	31	49	37	57	82	62	49	61	42	22	61	59	30	31	25	26	32	33	8856.587891	8074.600586	1812.33313	1980.099854	1619.022949	1670.824463	746.4899292	1251.445679	4112.089844	6737.520508	4300.181641	6297.477539	1339.096313	2714.151611	961.4407959	58715.83594	1620.711548	2423.053955	1497.119141	1468.009277	5125.054199	2763.311768	2418.547119	3395.484619	2599.44751	2769.729248	24088.11523	8604.758789	3340.256836	4720.723145	5572.654297	940.7424316	4091.833008	3871.457275	1785.443237	806.8504028	1577.860229	1099.375366	1350.788696	1180.772461
cont_P35908	KRT2	Homo sapiens	"Keratin, type II cytoskeletal 2 epidermal"	17.873514	11.083136	1.8510971	2.4453905	1.8785739	2.152772	6.449507	3.6088843	4.8858633	10.312815	10.1306505	13.346096	2.391476	4.1212196	2.8596926	18.598783	5.184597	2.2617967	5.06625	2.2199364	16.404243	8.118019	6.5204678	9.237632	7.7661147	13.9123535	20.20555	17.103786	15.712126	21.634861	12.467967	16.461802	13.263389	17.684784	6.203867	22.442219	3.9568815	18.75296	7.780041	8.485702	2.94E-39	4.19E-19	0.000529025	0.000382495	0.000710033	0.000685281	1.81E-06	0.00016235	6.55E-05	7.97E-15	8.21E-18	1.74E-13	0.000627617	7.29E-05	0.000489358	1.13E-33	2.28E-05	0.000383749	4.66E-05	0.000497015	1.18E-37	4.72E-11	2.28E-07	7.28E-15	2.77E-10	3.53E-26	1.29E-29	1.18E-22	4.81E-27	1.04E-57	1.76E-24	1.80E-34	5.65E-27	1.49E-37	2.24E-07	8.94E-37	0.00011422	4.04E-29	3.01E-10	1.99E-12	77	49	17	22	17	18	24	25	24	53	51	64	22	28	23	90	30	18	29	20	70	43	39	47	38	68	95	81	71	96	58	89	60	85	37	95	24	91	40	43	4253.679688	5881.978027	1946.79541	1618.25647	1907.831665	1767.763428	6079.688965	1671.543213	3812.484375	3768.712158	2868.148193	8785.027344	1762.546875	2082.619385	2296.557861	34977.89063	1625.838501	1862.424927	1842.452271	1677.314697	4000.844971	2222.82251	3766.643799	2997.335938	2839.253662	3201.724609	23442.97656	14417.87695	5864.85498	11613.70508	7115.916016	70140.4375	3050.91626	7948.286133	1763.215088	39822.32813	2039.46875	94004.21875	2256.190674	3392.725586
cont_P61626	LYZ	Homo sapiens	Lysozyme C	25.299517	14.715898	12.864174	14.132464	14.04099	14.046784	7.0657473	18.190481	14.902819	14.128253	21.778805	17.219902	15.154313	15.992663	16.212303	13.289395	20.37178	16.237547	14.305348	12.76572	24.210258	21.842844	15.006864	19.051275	17.14765	22.222763	19.031694	16.64301	18.931526	22.211693	15.58881	13.944902	21.050196	22.349043	16.604542	17.247597	15.80826	16.497988	17.925339	16.556368	1.10E-52	9.60E-33	1.36E-21	7.92E-23	1.04E-21	5.77E-29	1.56E-07	5.20E-43	3.65E-17	6.13E-23	2.05E-35	3.00E-15	3.77E-34	1.07E-43	1.38E-23	4.15E-26	2.90E-37	2.94E-25	1.62E-19	3.87E-22	2.45E-65	2.91E-37	4.76E-30	4.54E-25	1.27E-34	5.86E-42	3.66E-28	2.62E-22	2.34E-31	3.74E-59	1.77E-28	3.41E-30	5.32E-37	7.50E-46	2.25E-40	1.34E-29	5.19E-38	1.05E-26	1.36E-28	6.27E-42	5	4	4	3	3	3	3	3	4	3	4	4	3	3	3	3	4	4	3	3	4	5	3	5	3	4	4	5	5	4	4	4	4	4	3	3	3	3	3	3	142.5690308	180.1737366	133.0675812	149.8311768	165.4316559	126.9300766	117.069664	115.6481018	205.6553497	121.0592957	271.505188	287.1558228	167.9737701	126.3384094	140.9036407	142.3375702	199.5215149	194.7506561	263.6319885	169.9290924	225.9558563	130.161377	186.8055878	134.9259033	125.5819016	185.9005737	213.0183716	116.6312103	203.6229858	379.5457764	312.7217102	176.032074	247.1999664	849.2427979	170.3271332	117.5385284	137.0700989	84.44128418	135.5180664	162.0745392
cont_P61769	B2M	Homo sapiens	Beta-2-microglobulin	8.069903	13.388142	-3.0818653	-3.2751174	-5.835186	-1.7358761	-3.8443894	-3.2130356	5.583691	3.0259416	12.995024	11.942754	-0.26017392	-0.04441774	-4.600369	-1.632683	-2.1484835	0.6831884	-0.3251376	-1.1059979	7.597811	0.59925777	-4.488817	4.3001833	8.02339	7.6530967	16.033392	18.624367	15.265396	16.193356	16.430729	3.4854233	6.6515694	23.767252	5.849604	5.565765	5.7067127	-2.8264492	-4.7939324	-4.33075	1.63E-11	2.88E-27	0.012268348	0.017692846	0.117164974	0.008770095	0.094655671	0.012299135	1.29E-05	0.000323579	5.38E-25	7.55E-13	0.00296055	0.001175818	0.06435172	0.007712069	0.012614063	0.001318324	0.003767837	0.004181237	8.77E-10	0.000829103	0.0375417	5.37E-05	7.11E-11	1.21E-09	1.24E-24	5.82E-24	1.76E-26	7.54E-36	1.20E-29	0.000224801	2.63E-08	2.19E-48	8.61E-07	4.41E-06	2.88E-06	0.008078765	0.029213431	0.042211955	1	3	0	0	0	1	0	1	1	1	2	2	1	1	0	1	0	1	1	1	1	1	0	1	1	1	3	3	3	3	3	1	1	3	1	1	1	1	0	0	NaN	68.21876526	NaN	NaN	NaN	NaN	NaN	NaN	NaN	NaN	NaN	NaN	NaN	NaN	NaN	NaN	NaN	NaN	NaN	NaN	NaN	NaN	NaN	NaN	NaN	NaN	59.23101425	31.45396614	36.1524086	36.18348312	43.72724533	NaN	NaN	120.4786835	NaN	NaN	NaN	NaN	NaN	NaN
cont_P62937	PPIA	Homo sapiens	Peptidyl-prolyl cis-trans isomerase A	18.598747	12.873732	3.6136146	8.784902	7.003361	7.182023	6.187168	14.242982	5.9616203	10.41426	11.345608	16.151434	8.775007	10.378394	10.025918	8.491298	10.665595	5.7734327	6.742903	7.225934	18.977962	11.93289	7.9548607	8.867434	13.81526	16.026825	15.202882	10.31568	12.867425	20.092033	13.284032	5.9020085	16.083193	21.272404	13.722917	9.386595	8.944891	9.563853	13.743329	9.367319	2.06E-40	2.66E-25	0.00028622	1.69E-12	3.54E-08	1.92E-08	4.88E-06	6.30E-36	4.29E-06	4.55E-15	7.94E-23	8.94E-15	2.93E-12	2.92E-20	5.82E-17	1.89E-11	2.32E-20	4.02E-06	1.65E-07	2.36E-08	1.84E-50	7.92E-22	1.01E-10	1.29E-13	1.27E-28	1.65E-31	1.03E-23	9.30E-17	1.89E-23	9.28E-54	1.65E-25	1.88E-06	1.27E-30	5.48E-44	7.11E-35	4.46E-14	6.02E-14	1.51E-16	5.90E-24	1.76E-15	5	5	3	3	3	3	3	3	3	3	4	4	3	3	3	3	3	3	3	3	5	4	3	5	4	5	5	5	4	5	5	2	5	5	3	3	3	3	3	3	55.85285187	190.374649	149.1437988	169.0800934	242.6457214	194.3337708	134.9558411	208.7494812	148.7279816	133.8366547	122.0820999	137.9706573	269.2287292	253.832901	166.830719	89.72108459	250.9309387	241.0741425	243.6566467	263.558197	132.7003784	103.1901932	200.311142	89.79207611	116.6458588	89.15153503	50.13935852	58.2863121	62.1488266	48.36101913	59.37622452	NaN	87.91333008	118.5190277	127.9805145	92.60652924	177.1463013	74.4512558	166.8360901	178.532959
cont_P62979	RPS27A	Homo sapiens	Ubiquitin-ribosomal protein eS31 fusion protein	28.30907	22.419184	7.373533	12.916817	16.959404	16.445215	18.978851	20.250658	9.637689	20.599226	20.594555	23.001411	15.32073	22.572506	15.140675	17.698978	19.950766	12.299743	12.68445	16.787804	27.515903	22.904419	14.805865	18.03686	21.97606	23.439209	22.876259	19.678707	22.674149	22.35602	19.412645	15.255612	22.697922	21.5182	19.176672	20.265665	14.168451	18.015457	22.11948	21.801933	3.00E-58	1.61E-48	1.54E-08	1.56E-21	1.29E-24	1.05E-34	6.58E-43	5.88E-47	5.57E-14	1.67E-29	5.52E-34	6.03E-18	7.19E-35	5.18E-58	2.09E-22	2.70E-32	1.30E-36	8.55E-21	2.16E-18	4.45E-37	3.97E-74	8.76E-39	9.35E-30	2.07E-24	1.33E-42	4.54E-44	5.38E-33	8.33E-25	1.06E-36	1.68E-59	9.21E-34	1.99E-32	3.49E-39	2.43E-44	1.27E-45	9.40E-34	4.25E-35	2.55E-28	1.21E-33	1.46E-53	4	4	3	3	3	3	3	3	3	3	4	4	3	3	3	3	3	3	3	3	4	4	3	4	3	4	4	4	4	4	4	3	3	4	3	3	3	3	3	3	159.0261688	1541.950439	198.3784027	171.5905609	199.1345062	209.7529297	292.1177979	202.8596039	351.1108093	440.8992615	412.8537903	397.1194153	190.4708405	241.4575806	160.837616	153.1934204	179.4963531	179.3554382	124.8351593	159.0249329	144.5565643	144.6946564	134.8274384	118.7023468	544.3233032	125.1378632	350.3580933	532.8947754	419.1691284	319.0478821	522.6279297	124.9701538	244.5865936	363.230072	600.9398193	132.205658	156.3348846	160.3043365	140.2179108	194.8734894
cont_P68871	HBB	Homo sapiens	Hemoglobin subunit beta	18.671644	13.209383	-1.047421	-1.4063721	-3.0038812	-1.9451051	-5.0239477	0.7869354	5.854284	8.832172	15.988626	12.494728	-4.844902	-1.7429385	-3.194367	-3.9193218	-3.1542635	-4.2373185	1.100429	-2.2707436	11.743634	12.310608	1.0165292	10.400164	14.254071	11.635137	9.193984	12.734924	19.050587	21.643866	17.554312	12.788286	10.109721	20.723618	2.5393133	6.2577567	-2.5222888	-2.06247	-0.82472056	2.914072	1.66E-40	1.33E-26	0.003518009	0.005317661	0.016623841	0.009641682	0.186608999	0.000844435	5.76E-06	1.67E-11	2.03E-28	4.32E-13	0.063075426	0.003820537	0.0252468	0.031769872	0.024793004	0.035530336	0.001210345	0.007926534	7.63E-20	4.12E-23	0.000845715	1.64E-18	7.83E-30	7.76E-19	2.73E-15	4.78E-19	1.63E-31	1.02E-57	4.00E-31	2.49E-28	1.08E-16	5.32E-43	0.000161874	4.07E-07	0.008407821	0.004996642	0.002054616	0.000302464	6	6	2	2	1	2	0	2	5	5	5	5	0	2	1	0	1	0	4	2	5	5	5	5	5	4	5	5	6	7	7	5	5	7	4	5	2	2	2	2	58.87693787	71.03513336	NaN	NaN	NaN	NaN	NaN	NaN	28.50130653	29.33444595	53.0156517	41.90954208	NaN	NaN	NaN	NaN	NaN	NaN	14.36566734	NaN	67.54788971	41.27807617	13.21850777	72.89237213	60.45417404	57.61555099	15.29274178	40.95395279	60.36680984	61.34141159	65.95218658	53.8980484	29.87517166	39.90777206	13.5017643	14.79434872	NaN	NaN	NaN	NaN
cont_P69905	HBA1	Homo sapiens	Hemoglobin subunit alpha	18.92108	10.214591	-0.08019003	-2.4714456	-2.0798302	-0.901521	-4.0012946	-0.27469236	2.265476	3.8563933	14.072653	8.976584	-2.5262764	-1.5788777	-3.0246286	-3.146462	-4.105233	-2.5218425	-0.5999315	-2.6552615	21.48855	9.666486	-2.1436138	11.529243	4.964396	17.060122	5.3934727	9.494848	18.412373	20.935469	13.275646	11.535416	6.0945587	16.3083	-2.9215755	4.946225	-2.4397464	-2.444877	1.7625821	-0.38976833	6.82E-41	1.80E-16	0.001835026	0.010054685	0.009330132	0.005307569	0.102508488	0.001844664	0.000388406	0.000193291	3.63E-26	2.09E-11	0.012364852	0.003527913	0.022416586	0.019653786	0.04710598	0.011388167	0.004509053	0.010036613	3.12E-58	6.10E-15	0.008137344	2.10E-19	1.67E-05	3.80E-33	1.22E-06	1.04E-14	1.11E-30	6.28E-56	1.65E-25	2.99E-25	2.45E-07	3.47E-35	0.008618771	2.24E-05	0.008076719	0.006214093	0.000301165	0.002835771	6	5	3	1	1	1	0	2	5	3	5	5	1	1	2	1	1	1	2	1	6	5	2	5	3	5	5	5	6	5	5	5	4	6	1	3	1	1	2	1	76.71891022	50.89540863	35.60586929	NaN	NaN	NaN	NaN	NaN	21.1554203	13.70772839	39.59334183	27.08507729	NaN	NaN	NaN	NaN	NaN	NaN	NaN	NaN	47.11376953	28.52086258	NaN	35.21563339	29.6506443	35.90984726	11.81903934	60.83149719	29.61040306	42.9605217	29.2557621	54.88869476	14.99437523	25.43625641	NaN	9.063832283	NaN	NaN	NaN	NaN
cont_Q06830	PRDX1	Homo sapiens	Peroxiredoxin-1	18.866636	14.751577	4.9735923	2.707127	3.033369	2.9007046	7.3357553	5.1423597	6.734341	11.007303	18.88809	14.700651	3.964833	7.4058414	6.6406026	13.906865	5.0838413	3.4450886	3.4513824	2.6428378	14.877168	6.920993	3.4149642	7.811931	19.237112	12.947254	22.424288	21.771667	19.815346	21.920057	13.329793	5.2622066	17.477745	21.81213	11.959693	5.728431	4.077594	12.076443	8.254902	7.353041	7.79E-41	7.29E-33	4.26E-05	0.000378719	0.000489962	0.000588761	4.45E-08	1.79E-05	2.09E-07	1.43E-16	7.92E-32	4.35E-14	0.000252237	8.26E-10	2.02E-07	7.34E-27	2.89E-05	0.000298004	0.000409416	0.000449566	4.79E-31	2.26E-08	0.000264543	1.49E-10	3.82E-38	6.99E-23	2.10E-32	1.06E-26	1.50E-32	1.95E-58	1.47E-25	1.39E-05	2.11E-32	7.68E-45	1.88E-28	2.66E-06	9.98E-05	3.65E-22	2.68E-11	3.08E-09	13	12	5	5	5	5	5	5	5	8	14	11	5	6	5	10	4	5	5	4	9	5	5	6	13	9	15	15	13	15	10	5	12	17	7	5	5	9	6	6	157.6064301	1749.84082	347.6794739	280.724884	355.7244568	317.4021606	441.6283264	306.2789001	417.770813	367.8870239	609.6962891	676.9017944	310.8753662	290.269104	425.7928162	582.3527222	343.6362915	257.8559875	227.5986938	348.068512	216.8735962	232.7044067	270.6292725	227.4999695	1798.117554	194.4511719	746.5675049	1127.641113	606.9525146	577.7282104	551.5985718	202.0866394	320.219574	1630.63269	559.1299438	137.6555634	256.8189392	407.7718811	240.4561462	227.5306702
cont_Q14532	KRT32	Homo sapiens	"Keratin, type I cuticular Ha2"	6.3406787	4.494755	0.9668178	-1.7300583	-2.3536198	-0.93630743	-0.35659292	5.7860293	2.1491222	3.9263434	5.4426274	7.223649	3.893126	-0.57377046	1.6638187	5.9191165	3.5458632	2.467714	9.64012	-1.1931177	6.3596716	4.4999027	-0.8982541	4.261929	0.90675676	3.7243555	5.988805	8.414769	6.557084	21.962908	14.801385	0.49785048	7.6113095	21.33179	3.2858307	-0.823045	2.7439601	0.055883285	3.1354752	1.7718189	1.75E-07	6.91E-05	0.000864225	0.00638514	0.010432245	0.00531454	0.012938212	3.26E-06	0.000388406	0.000182069	6.52E-06	2.77E-08	0.000269771	0.001709739	0.000653865	5.26E-06	0.00031714	0.000375781	8.30E-16	0.004357811	1.66E-07	4.82E-05	0.003824222	5.59E-05	0.000547152	0.000109773	1.96E-07	4.62E-12	1.14E-07	1.64E-58	1.93E-27	0.00112719	2.39E-10	4.38E-44	0.000126818	0.002844759	0.000221019	0.001291112	0.000189498	0.000413493	2	4	1	1	1	1	2	1	2	1	2	3	1	1	1	2	1	1	3	1	1	1	1	2	1	2	3	4	3	4	4	1	4	4	1	1	1	1	1	1	NaN	702.1615601	NaN	NaN	NaN	NaN	NaN	NaN	NaN	NaN	NaN	1047.117432	NaN	NaN	NaN	NaN	NaN	NaN	310.1737366	NaN	NaN	NaN	NaN	NaN	NaN	NaN	1956.955566	1231.919067	1286.443604	890.3682861	868.2408447	NaN	1312.764404	677.178772	NaN	NaN	NaN	NaN	NaN	NaN
cont_Q9NSB2	KRT84	Homo sapiens	"Keratin, type II cuticular Hb4"	19.069132	7.2811317	8.845587	15.880632	16.92892	11.804641	21.601374	18.799173	3.3398757	16.020409	16.761124	21.578154	10.903538	17.348425	18.25782	20.327515	10.19281	5.2497354	7.543727	13.443286	20.95118	17.566626	11.449457	17.54107	18.147024	15.181347	27.523977	24.72383	17.6426	22.68926	5.7345834	17.086031	18.671452	18.491413	9.256141	15.961932	15.472172	18.724815	12.436293	16.281818	4.10E-41	5.46E-09	2.75E-11	7.92E-25	1.29E-24	1.10E-20	1.89E-48	3.63E-44	0.000359068	1.19E-24	2.54E-29	2.08E-17	4.95E-18	1.86E-46	5.21E-26	6.73E-36	2.28E-18	1.85E-05	2.47E-09	1.86E-24	6.18E-57	5.43E-31	4.90E-24	5.12E-24	2.71E-36	3.87E-30	2.02E-39	2.43E-29	1.28E-29	2.87E-60	1.51E-06	1.42E-35	6.71E-34	5.68E-39	7.82E-16	6.12E-28	2.04E-37	4.04E-29	1.98E-22	2.33E-41	2	3	2	2	2	2	3	2	2	2	3	3	2	2	3	3	1	1	2	2	2	2	2	2	2	2	3	3	3	3	3	3	3	3	2	2	2	3	2	2	NaN	577.1350098	NaN	NaN	NaN	NaN	843.7089233	NaN	NaN	NaN	308.1625671	375.9008789	NaN	NaN	1617.152466	862.0345459	NaN	NaN	NaN	NaN	NaN	NaN	NaN	NaN	NaN	NaN	668.670166	1489.965698	406.3741455	228.5975952	284.7458801	862.4014893	350.3482056	252.2776947	NaN	NaN	NaN	1024.715942	NaN	NaN
P02394	rplL	Bacillus subtilis (strain 168)	Large ribosomal subunit protein bL12	13.277167	-0.7404881	10.62887	11.720224	12.91433	11.2104845	-4.298724	21.266972	6.3809013	14.159104	17.131277	-2.0089066	14.622387	14.793539	9.175222	13.515168	17.867512	15.636759	6.646214	14.284465	14.242865	15.455643	5.14045	8.644246	9.260553	11.839374	15.208416	5.9024396	17.352512	-0.19948456	9.268723	11.483892	18.1319	8.34628	24.912933	24.27774	17.540333	8.239962	21.35203	16.81505	6.42E-32	0.003415755	3.36E-15	2.94E-20	1.31E-20	8.56E-19	0.114931037	6.14E-49	9.13E-07	6.03E-23	9.58E-30	0.011532531	8.34E-32	2.48E-41	2.59E-14	2.13E-26	2.52E-33	1.37E-24	2.46E-07	1.92E-27	1.58E-28	3.71E-28	2.17E-05	6.44E-13	7.03E-14	1.98E-19	1.03E-23	6.84E-07	3.14E-29	0.001775344	5.68E-15	5.12E-25	3.13E-33	6.69E-13	2.85E-58	1.85E-39	3.41E-41	7.21E-12	1.13E-32	1.98E-42	4	3	5	4	3	5	0	4	4	4	4	2	4	4	3	4	5	4	3	5	3	4	4	4	4	4	4	3	5	2	4	4	5	4	5	5	4	4	5	4	36.02076721	5.549196243	49.38796234	75.89922333	61.34064484	98.3050766	NaN	142.4610596	22.79479408	42.92540359	34.85742569	NaN	65.06079865	78.58425903	22.72707367	26.02434349	86.17107391	86.43578339	61.77257919	83.89376068	30.8278656	47.42584229	34.81007767	21.67160797	33.36223602	40.09515381	15.89477348	9.260048866	27.12531281	NaN	17.53799248	26.34771729	36.9826355	7.257766247	130.4812317	36.30070114	136.162384	26.61235237	81.84633636	57.336483
P09124	gapA	Bacillus subtilis (strain 168)	Glyceraldehyde-3-phosphate dehydrogenase 1	18.609478	0.6891453	8.365269	7.140761	9.700005	12.181991	-6.4891715	24.11467	-1.9681735	3.4944866	16.26179	0.2905234	11.983273	10.385762	10.152324	10.696786	18.624878	16.09751	4.7120943	15.389607	17.148273	16.274933	10.855594	13.851131	13.078478	17.178675	17.331112	12.27919	18.79673	5.124458	8.035472	15.802583	20.376677	15.86645	24.317846	20.09583	20.026012	13.208818	23.724463	21.855295	2.05E-40	0.001129262	2.31E-10	3.21E-08	2.34E-14	6.39E-22	0.389999324	8.82E-55	0.007204287	0.000256094	9.52E-29	0.002458673	1.60E-21	2.79E-20	3.76E-17	3.68E-19	1.74E-34	4.19E-25	9.84E-05	8.96E-32	4.12E-41	3.17E-29	2.26E-21	3.98E-21	7.93E-26	2.55E-33	3.96E-26	1.04E-18	3.54E-31	1.88E-05	3.47E-11	2.58E-33	3.83E-36	1.88E-34	5.96E-57	1.59E-33	5.61E-46	2.82E-23	1.40E-35	1.15E-53	5	3	5	4	4	5	0	6	1	5	5	2	5	5	4	5	5	5	4	5	5	5	5	4	5	6	5	5	5	4	5	5	5	5	6	6	5	5	6	6	27.36150169	46.99655151	45.20319748	45.80674362	41.96689224	46.84703064	NaN	69.98284912	NaN	14.89248466	28.11694336	NaN	35.62462616	54.90933228	13.94036198	12.78773403	65.53324127	56.92655945	36.90086365	50.13961029	37.30007553	42.82072067	23.75971603	33.79976273	22.00498581	45.66214752	15.55537891	10.33975124	18.90594482	7.147904396	10.86100197	26.26631737	37.48784637	8.419756889	122.8512115	38.08600616	129.828949	30.53107834	99.21852112	58.7307663
P17820	dnaK	Bacillus subtilis (strain 168)	Chaperone protein DnaK	7.5344324	0.25706756	3.4815974	4.2504826	5.04814	5.09444	-1.1371357	12.304215	6.7867045	3.6833851	3.1221993	2.0289476	1.9422464	4.537712	3.6788795	2.5403714	10.867663	2.8124921	1.5148628	3.7216363	14.004452	17.395836	9.926028	10.236663	8.654911	17.82352	17.626741	8.205387	5.211876	5.6006	6.1021132	10.38944	17.834217	12.507038	12.505774	17.126616	18.536636	10.045986	16.105358	18.8766	4.58E-10	0.001644808	0.000302358	0.000154858	3.47E-05	4.17E-05	0.02057568	1.49E-27	1.72E-07	0.000221965	0.000153138	0.000697413	0.000708564	4.11E-05	0.000357035	0.000383276	3.01E-21	0.000355529	0.000794247	0.000254446	1.30E-27	9.15E-31	2.04E-17	2.96E-18	2.18E-12	2.14E-34	1.80E-26	1.44E-11	8.35E-06	5.59E-06	4.45E-07	8.98E-20	7.51E-33	4.28E-29	1.45E-31	1.83E-29	4.46E-43	1.54E-18	1.61E-26	7.04E-47	4	1	4	5	3	3	2	4	4	3	2	2	4	2	1	2	3	2	1	2	5	5	5	5	5	4	5	5	5	5	5	5	5	5	5	5	5	5	5	5	7.367218494	NaN	30.5982914	19.13213348	26.40710831	40.87956238	NaN	40.41279984	8.212368011	11.614501	NaN	NaN	33.12774658	NaN	NaN	NaN	18.44172478	NaN	NaN	NaN	18.34708595	24.8708744	23.15579414	12.37022495	14.39778328	21.81372643	9.054434776	4.163075447	4.901001453	2.190023422	6.028856277	14.14188957	15.06288052	4.027534962	68.70674896	21.58675957	58.35145187	15.71587563	58.57694244	44.04585266
P21472	rpsL	Bacillus subtilis (strain 168)	Small ribosomal subunit protein uS12	8.508073	-3.371126	11.448486	15.962187	18.008417	5.8715982	-6.392963	20.85791	3.5204988	13.706877	15.22687	-3.9297938	9.501409	16.455465	4.814723	11.528407	23.113117	16.467054	13.485047	16.407454	17.005335	15.636539	5.178018	2.4298728	14.092586	13.292022	12.950124	1.8650604	11.976798	-4.4501104	3.8456597	0.7976454	18.357035	1.2415923	19.011047	8.703493	18.138023	3.133493	20.524841	22.250864	7.84E-13	0.018534932	2.16E-17	6.76E-25	9.49E-26	4.48E-06	0.380873055	3.89E-48	0.000330481	1.34E-22	1.68E-27	0.041469142	4.57E-14	1.25E-44	7.17E-05	9.06E-23	7.15E-42	1.60E-25	5.71E-19	5.82E-36	1.96E-40	2.26E-28	2.11E-05	0.000158692	1.81E-29	4.98E-24	3.28E-21	0.000188783	2.15E-22	0.030406062	5.38E-05	0.000899477	1.62E-33	0.000203515	2.79E-45	2.18E-12	2.38E-42	0.000211106	1.17E-31	1.56E-54	3	1	3	3	3	3	0	3	3	3	3	0	3	3	2	3	3	3	3	3	3	3	2	3	3	3	3	3	3	1	3	1	3	3	3	3	3	3	3	3	13.47144318	NaN	61.57009888	65.46858978	65.30223083	77.97975159	NaN	89.57174683	18.43822289	22.29283333	23.49505234	NaN	65.14015961	63.85333633	NaN	15.96320152	97.93922424	46.57761765	59.10046387	83.00408173	23.9219265	31.88758087	NaN	17.3037262	20.20017242	27.32671356	11.71084785	4.946164131	10.3255682	NaN	6.522161484	NaN	24.04551125	3.810212135	62.49896622	21.2922554	74.22755432	19.09164238	85.41366577	51.97977066
P21882	pdhB	Bacillus subtilis (strain 168)	Pyruvate dehydrogenase E1 component subunit beta	20.332531	-5.418984	12.0825615	20.150328	13.633777	16.956575	-6.0571747	24.227257	-0.8961614	7.19312	7.493212	-6.6809793	13.426001	19.509684	15.855429	9.345662	23.919973	14.781789	13.584278	20.125994	15.897921	20.60899	7.109768	9.9602	13.479793	22.271933	19.916203	0.5071157	5.062827	-2.4766347	2.0116334	4.835569	19.705088	2.7514174	16.12721	21.68285	22.037506	13.415499	24.286411	21.635893	2.19E-43	0.073472955	3.23E-19	4.49E-30	2.63E-21	1.93E-35	0.338099231	5.33E-55	0.003782164	2.02E-08	1.65E-09	0.222905031	7.75E-27	3.64E-51	3.43E-23	4.17E-14	3.13E-43	1.38E-23	5.08E-19	1.37E-43	2.24E-35	2.09E-35	1.37E-08	1.88E-17	2.27E-27	5.37E-42	2.82E-29	0.000488329	1.12E-05	0.007859993	0.000102278	3.90E-05	3.06E-35	8.82E-05	1.93E-39	9.35E-36	4.65E-50	1.80E-23	2.67E-36	3.47E-53	3	0	3	3	2	3	0	3	1	3	2	0	3	3	3	3	3	3	3	3	3	3	3	3	3	3	2	2	3	2	2	2	3	2	3	3	3	2	3	3	29.26307678	NaN	38.26032639	35.11745071	NaN	48.52959061	NaN	56.17407608	NaN	13.73338985	NaN	NaN	35.9257164	34.32471466	36.9264183	12.96037674	62.07416534	56.93909836	33.84613037	43.99120712	13.71728992	28.68144608	32.03393936	15.93434048	20.92861366	23.99847221	NaN	NaN	6.585309505	NaN	NaN	NaN	16.68099976	NaN	73.1566925	22.83601952	66.90795898	NaN	47.45838928	44.18093872
P21883	pdhC	Bacillus subtilis (strain 168)	Dihydrolipoyllysine-residue acetyltransferase component of pyruvate dehydrogenase complex	1.7370791	-4.1228867	10.282686	9.79482	8.121409	9.6686125	-7.1792464	22.603153	-1.1382535	2.1503584	4.508361	-4.9778404	7.711111	9.699389	6.441568	12.369076	19.137228	10.617537	6.3609877	13.709534	12.659309	15.292514	9.582772	7.0742764	8.377939	21.443247	14.289948	-0.3011613	7.7974544	-3.7588577	0.91321325	6.0129724	21.357296	-1.0520542	16.427914	17.454556	11.674955	9.084644	21.751139	18.492672	0.000255233	0.029100001	2.20E-14	6.34E-16	1.30E-10	2.29E-14	0.461320804	1.26E-51	0.004338942	0.000413725	4.83E-05	0.08492738	9.79E-10	2.26E-17	4.57E-07	6.91E-25	2.73E-35	5.64E-19	8.03E-07	2.15E-25	8.40E-23	5.99E-28	4.32E-16	8.56E-09	1.01E-11	1.16E-40	1.05E-22	0.000874521	2.52E-10	0.019732108	0.000279147	1.27E-06	2.00E-37	0.001400018	4.97E-40	7.55E-30	2.04E-25	9.96E-15	3.54E-33	4.71E-46	1	1	3	3	3	3	0	4	2	1	2	0	3	4	3	3	3	4	3	3	3	3	3	3	3	4	4	2	4	1	3	3	4	3	4	4	4	3	4	4	NaN	NaN	20.56887436	21.43125534	8.135009766	25.28068542	NaN	18.26975632	NaN	NaN	NaN	NaN	20.1195488	11.92898941	4.045929432	5.287725449	17.82798004	31.66839981	15.18006325	22.45033264	10.55209255	11.39575863	9.204954147	9.039862633	11.84490585	12.56453609	4.198248386	NaN	3.975337982	NaN	2.061708212	6.470376492	12.1275177	2.242149115	31.5120182	12.96501827	30.61321449	9.117050171	24.44447327	18.80956459
P26908	rplU	Bacillus subtilis (strain 168)	Large ribosomal subunit protein bL21	18.530489	-4.0682216	13.5308695	21.163445	17.992641	4.965799	-4.436038	19.55605	3.3002925	8.029548	13.866283	-5.433395	16.48247	21.981339	10.567797	11.810395	17.78107	18.126396	15.042632	14.031096	11.958339	22.439878	3.248786	7.3737006	12.586198	19.430962	16.137722	7.518447	15.465607	-0.9154515	7.068056	8.025778	12.899744	6.609704	25.028685	15.051459	19.27162	11.923913	22.45756	10.255457	2.62E-40	0.028522536	1.16E-23	2.00E-31	9.49E-26	5.55E-05	0.124221938	1.28E-45	0.000359068	5.84E-10	6.21E-26	0.122192616	3.18E-39	1.19E-56	1.32E-17	7.94E-24	3.35E-33	1.46E-27	4.15E-20	1.55E-26	1.64E-20	4.40E-38	0.000283875	1.80E-09	5.21E-24	4.23E-37	9.55E-25	5.68E-10	9.91E-27	0.002957972	7.34E-09	3.58E-11	7.03E-26	2.07E-08	1.80E-58	8.41E-27	1.54E-44	5.00E-22	4.71E-34	4.48E-19	3	0	3	3	3	2	0	2	2	3	3	0	2	3	2	2	2	3	3	2	2	3	2	3	2	2	3	3	2	2	3	2	3	3	3	2	3	3	3	2	8.506481171	NaN	44.83850861	31.95952988	29.85409927	NaN	NaN	NaN	NaN	9.494419098	9.309599876	NaN	NaN	42.00670624	NaN	NaN	NaN	45.31050491	24.78398895	NaN	NaN	17.83483124	NaN	8.710409164	NaN	NaN	5.920118332	3.418122292	NaN	NaN	1.459929705	NaN	11.57126522	2.888850689	45.61658859	NaN	36.31163406	7.16999197	34.6158905	NaN
P27876	tpiA	Bacillus subtilis (strain 168)	Triosephosphate isomerase	-3.290186	-5.500299	1.5030608	1.7346936	-3.8208911	2.998983	-4.2721295	-1.6546315	-6.3719797	-5.7694845	-0.40205935	-5.0934587	-7.2267942	1.8334284	2.3991165	-3.117568	2.0450883	-5.9382963	-4.4325476	0.02863797	12.006577	13.4055605	3.7463837	-5.756626	4.7835073	17.076242	2.7817645	-3.6659105	1.391942	-5.3186784	1.2623796	8.174979	6.772406	-2.2349827	16.758425	11.829873	20.927647	5.8402915	19.583033	15.945384	0.012763384	0.078113333	0.000590384	0.000478854	0.029431857	0.000568788	0.1146085	0.00462228	0.129424675	0.089351689	0.001566682	0.093135945	0.20167098	0.000216734	0.000509169	0.019444445	0.000492483	0.116795095	0.059885274	0.002022528	1.18E-20	1.67E-25	0.000217419	0.051964679	2.45E-05	3.68E-33	2.99E-05	0.007995095	0.000225146	0.057060943	0.000198426	1.32E-11	1.55E-08	0.002927475	1.18E-40	2.68E-21	8.39E-48	2.39E-06	1.57E-30	1.13E-40	1	0	1	2	0	3	0	0	0	0	1	0	0	2	2	1	1	0	0	1	3	3	3	0	3	3	2	1	3	0	2	3	2	1	3	3	3	3	3	3	NaN	NaN	NaN	NaN	NaN	14.12359238	NaN	NaN	NaN	NaN	NaN	NaN	NaN	NaN	NaN	NaN	NaN	NaN	NaN	NaN	8.168054581	12.24692249	13.68889332	NaN	10.02483654	14.67962265	NaN	NaN	3.619081259	NaN	NaN	6.241959095	NaN	NaN	35.77223587	6.732309818	33.63843918	6.117357731	24.5843811	22.26452446
P28598	groEL	Bacillus subtilis (strain 168)	Chaperonin GroEL	9.56023	-4.689723	-0.04370055	0.8944993	-2.135904	-1.942034	-5.227486	4.880713	-4.43665	-4.200985	-3.5965488	-4.529003	-0.18007118	-0.047501676	5.953886	-3.4068139	3.8197303	-0.7280296	-0.26800463	-0.15427725	20.874174	21.285265	16.593365	14.989384	18.787886	21.778097	21.480742	13.535404	18.563316	7.1068277	12.846261	13.319906	23.691233	17.745779	21.960606	22.899153	19.433125	16.491623	22.226654	23.798525	1.68E-16	0.042129902	0.001809311	0.001143049	0.009524676	0.009641682	0.209894032	3.10E-05	0.035468679	0.027698581	0.014134482	0.061526166	0.002834709	0.001175818	2.96E-06	0.023351079	0.000251045	0.003706266	0.00366033	0.002258143	9.28E-57	2.09E-36	9.90E-33	6.12E-22	2.28E-37	3.42E-41	3.36E-31	1.08E-19	6.98E-31	2.21E-08	5.87E-25	3.41E-29	1.63E-40	1.18E-37	1.23E-51	1.97E-37	8.74E-45	1.05E-26	9.11E-34	3.09E-58	10	0	5	5	4	5	0	6	1	4	3	0	5	4	6	4	6	5	5	5	16	18	16	13	15	21	19	12	16	8	10	13	19	17	20	18	18	14	18	21	21.69203568	NaN	35.19129944	38.26562881	25.76340294	22.87294197	NaN	23.64332581	NaN	8.215847015	8.419649124	NaN	24.93175697	14.06990623	30.41299057	6.059802055	28.17557907	30.61269379	21.03100777	38.92863083	143.0054169	221.2653351	159.8465576	122.2694626	149.4253693	168.324646	61.38382721	25.26885796	57.79772186	6.91434288	29.56166267	91.9593811	152.8325806	25.04875565	494.230957	150.6356812	505.6772156	123.4757767	508.7891235	282.0738525
P28599	groES	Bacillus subtilis (strain 168)	Co-chaperonin GroES	24.88852	-6.785768	0.8662971	-0.84215283	-8.904827	-3.840983	-8.328719	-0.5853684	-6.647166	-6.565635	-4.0642996	-5.5754533	-2.0587118	-3.3229635	6.463959	-4.2598133	3.4649663	0.12531747	-4.414493	-0.865968	21.440668	20.243612	20.557238	17.468029	14.392593	19.207438	16.855013	11.278161	18.261929	7.5724006	8.063942	10.431265	20.579803	19.214281	21.819372	21.486473	19.29187	15.751899	20.191288	22.133797	6.73E-52	0.15171695	0.000925737	0.00371919	0.228333226	0.03419504	0.490741954	0.002235816	0.142356564	0.129444845	0.019482563	0.13520287	0.009421862	0.010728893	4.28E-07	0.039552659	0.000331766	0.002021961	0.059885274	0.003547667	3.89E-58	6.75E-35	4.08E-39	5.37E-24	4.36E-30	9.68E-37	1.41E-25	6.15E-18	1.72E-30	2.68E-09	2.94E-11	6.12E-20	2.12E-36	3.01E-40	2.49E-51	1.74E-35	1.49E-44	6.32E-26	2.99E-31	2.79E-54	4	0	2	1	0	0	0	1	0	0	0	0	1	1	3	0	2	2	0	1	3	4	3	4	3	3	3	3	3	2	3	3	3	3	3	3	3	3	3	3	17.799366	NaN	NaN	NaN	NaN	NaN	NaN	NaN	NaN	NaN	NaN	NaN	NaN	NaN	14.42026997	NaN	NaN	NaN	NaN	NaN	60.48888016	105.4950943	105.3040771	65.04734039	94.96778107	88.4429245	33.14140701	15.34793377	51.17795944	NaN	21.81628799	46.72774887	93.61006927	13.27211761	325.4430237	88.28691864	234.1174622	92.38108063	178.3882599	215.9121552
P33166	tuf	Bacillus subtilis (strain 168)	Elongation factor Tu	17.254448	8.187929	8.9089	10.80655	9.193431	11.923244	-6.2321587	22.016985	-4.1789427	4.8919096	14.703093	2.5223463	15.080834	13.71075	8.374058	11.152566	21.462141	19.28483	6.597842	8.868736	21.217514	14.867101	11.55927	4.863452	11.723206	16.599567	15.245452	12.040388	21.530165	10.287907	14.271035	8.258791	21.575216	15.72613	23.180899	20.416262	16.339052	14.14283	22.718779	18.648897	3.25E-38	4.23E-11	2.13E-11	3.26E-19	4.23E-13	4.56E-21	0.363600081	1.96E-50	0.030038726	4.21E-05	6.71E-27	0.000609712	7.76E-34	9.45E-39	1.02E-11	4.24E-21	5.08E-39	5.62E-29	2.99E-07	1.29E-11	1.41E-57	2.12E-27	2.05E-24	1.99E-05	4.69E-21	2.01E-32	9.85E-24	1.52E-18	5.12E-35	2.43E-15	9.01E-27	7.55E-12	1.13E-37	3.14E-34	2.39E-54	5.94E-34	6.09E-39	3.15E-24	2.33E-34	2.17E-46	5	5	5	5	5	5	0	7	1	5	5	3	5	5	5	5	6	6	4	5	7	6	5	5	5	6	6	5	8	5	5	5	7	5	7	6	7	5	7	7	35.11886597	14.1220026	58.47312927	68.61917114	42.03575516	89.81607056	NaN	88.98986053	NaN	23.35355949	25.88557625	13.2711544	65.87980652	88.79298401	34.51779938	18.14360237	99.08473969	82.83161163	53.27487183	66.99042511	37.02295303	42.7015152	50.12656403	30.6750412	33.88776016	41.93501663	19.01746559	11.88324165	22.93797874	9.126113892	16.72947884	28.03471565	47.26123428	15.81217861	146.0737915	36.85476303	115.4013672	36.51318741	115.6458206	74.3056488
P37571	clpC	Bacillus subtilis (strain 168)	Negative regulator of genetic competence ClpC/MecB	-6.313588	-1.0962609	-5.1726	-5.7203074	-5.0616946	-3.984986	-3.707727	-3.1057556	-3.6226797	-3.6124067	-5.0392833	-2.8323295	-2.765934	-4.644017	-1.1838399	-3.5217102	-3.3617938	-4.972097	-3.3324215	-4.706265	10.462754	7.4308004	4.450992	5.6485276	2.9663966	13.233796	1.4574062	-2.5930457	1.004605	-0.011508899	-1.3453342	-0.6337669	11.677264	-2.2939174	9.805083	8.9475	10.014867	0.7320037	16.6549	12.625022	0.11016357	0.004350179	0.053082792	0.104524582	0.066790898	0.036307638	0.087312864	0.011442117	0.02085978	0.018982753	0.040440958	0.019386727	0.014753353	0.025902427	0.007235786	0.024585227	0.028783656	0.061063725	0.028608035	0.042210239	3.64E-16	1.89E-09	8.98E-05	2.68E-06	0.000209007	7.73E-24	5.46E-05	0.003693067	0.000337855	0.001583994	0.001599998	0.002567963	1.55E-21	0.003019791	5.40E-18	5.61E-13	6.88E-18	0.000763258	3.86E-27	3.10E-31	0	1	0	0	0	0	0	0	1	1	0	1	1	0	1	0	0	0	0	0	4	3	3	3	4	4	4	3	3	2	2	2	4	2	4	4	4	2	3	3	NaN	NaN	NaN	NaN	NaN	NaN	NaN	NaN	NaN	NaN	NaN	NaN	NaN	NaN	NaN	NaN	NaN	NaN	NaN	NaN	8.651907921	15.98087597	7.049795151	6.794269085	8.646250725	10.17956161	4.01484251	5.514946461	5.240030766	NaN	NaN	NaN	9.427987099	NaN	35.5173111	9.830319405	37.77874374	NaN	32.89090347	17.59182167
P37809	atpD	Bacillus subtilis (strain 168)	ATP synthase subunit beta	12.411026	10.290585	1.5174682	6.5557337	8.385874	9.761799	1.828434	12.698332	8.236769	5.964306	6.4324255	7.0060453	2.8042893	6.9347706	4.24705	6.2950387	8.216274	5.634204	7.628131	8.007022	7.6780515	8.827377	5.182795	3.144095	5.478388	8.989111	15.297872	12.10658	8.027251	16.748096	11.216021	4.405076	8.681033	13.260679	16.62776	13.942863	16.214844	3.919657	7.765104	8.566349	6.96E-30	1.10E-16	0.000590384	4.40E-07	3.31E-11	1.34E-14	0.003058923	1.15E-29	4.88E-11	2.45E-06	2.46E-07	7.15E-08	0.000569928	1.07E-08	0.000190445	1.46E-06	2.06E-11	6.21E-06	1.53E-09	7.30E-10	6.27E-10	8.84E-13	2.11E-05	0.000132458	4.39E-06	2.83E-12	8.75E-24	1.37E-18	6.49E-11	2.50E-38	1.33E-22	8.72E-05	6.32E-13	2.94E-30	2.12E-40	1.89E-25	9.67E-39	0.000138332	3.19E-10	1.11E-12	2	3	2	3	2	3	1	2	2	3	2	3	3	2	2	2	2	2	2	3	3	2	2	2	2	3	4	3	3	3	3	3	3	3	3	3	2	2	2	2	NaN	82.18184662	NaN	74.11318207	NaN	83.3484726	NaN	NaN	NaN	43.70770264	NaN	27.58123398	73.4696579	NaN	NaN	NaN	NaN	NaN	NaN	66.48934174	42.0062294	NaN	NaN	NaN	NaN	38.64461899	35.22071838	24.16453743	45.92782974	30.11890793	47.83506393	21.92764854	41.76236725	39.67996979	63.65153503	34.03634644	NaN	NaN	NaN	NaN
P42919	rplB	Bacillus subtilis (strain 168)	Large ribosomal subunit protein uL2	10.959049	-3.5134454	16.188198	23.371891	16.41352	18.447691	-5.6637316	25.117107	-2.0748951	4.408307	6.3057795	-5.423178	16.134499	19.920984	1.5941231	2.9970284	27.435843	20.289139	14.002236	14.057643	8.338726	14.203893	3.6099582	7.89531	11.776915	15.339371	7.472129	-0.53216577	5.1249733	-5.253369	0.09839019	2.1927097	17.699884	-2.472752	17.44118	14.290199	22.813965	11.506369	25.081165	16.667997	1.81E-22	0.020164594	5.76E-27	1.91E-34	4.11E-24	9.46E-38	0.277977292	7.13E-57	0.007658964	9.67E-05	3.99E-07	0.122192616	2.62E-38	4.61E-52	0.000686685	0.000383276	1.16E-49	2.53E-30	2.44E-19	1.31E-26	3.28E-11	1.58E-26	0.000237058	9.10E-11	3.18E-21	2.11E-30	2.62E-10	0.001010016	1.00E-05	0.0547127	0.000565978	0.000295849	1.11E-32	0.003354694	4.90E-42	7.47E-26	1.03E-51	1.24E-21	2.82E-37	3.84E-42	2	1	3	3	3	3	0	3	0	3	3	0	3	3	2	3	3	3	2	3	3	3	3	3	3	3	3	2	3	0	3	3	3	2	3	3	3	3	3	3	NaN	NaN	34.23881149	22.45910454	21.86950874	28.01106262	NaN	42.45123291	NaN	6.463563919	8.807499886	NaN	24.26421928	17.36083603	NaN	6.496892452	52.11979294	47.46163177	NaN	38.99164963	7.200663567	14.28225994	8.260477066	5.51442337	11.1142149	9.729971886	3.690287352	NaN	2.879472733	NaN	1.517674685	3.711657524	12.28151226	NaN	33.7922287	10.23568249	27.9059639	9.957380295	39.75239182	25.72045517
P80868	fusA	Bacillus subtilis (strain 168)	Elongation factor G	14.307409	-2.4406466	8.156682	13.66262	15.496355	14.998	-0.17793734	20.07982	1.9742587	10.464766	11.696565	5.443181	15.178744	9.452471	8.051619	4.1788507	15.898888	9.399703	10.706189	18.149906	11.079508	13.189946	8.383056	8.409205	7.5789638	16.05163	10.34722	6.3185406	6.435185	1.5410204	4.891263	6.0554533	16.686565	-0.18920675	18.776163	12.676785	16.277609	9.264098	16.939756	19.530718	1.69E-33	0.009339508	5.60E-10	2.52E-22	3.49E-23	2.28E-32	0.011517161	1.25E-46	0.000402308	3.48E-15	1.52E-23	1.75E-05	3.06E-34	2.14E-16	8.72E-11	0.000189875	2.54E-30	1.77E-15	6.50E-17	8.63E-40	7.12E-18	3.22E-25	5.85E-12	3.25E-12	7.37E-10	1.54E-31	1.49E-18	1.47E-07	1.83E-07	0.000471691	1.25E-05	1.11E-06	2.23E-31	0.00072367	8.41E-45	8.95E-24	7.64E-39	2.18E-15	1.84E-27	2.61E-48	4	1	5	4	5	5	1	5	3	4	5	2	4	5	3	5	5	5	4	3	4	5	5	3	4	5	5	5	4	3	5	5	5	3	5	5	5	5	5	5	9.505304337	NaN	42.10739136	40.85772705	33.41720963	66.22422028	NaN	69.9847641	12.20543385	13.44565582	9.759922028	NaN	50.09403992	37.85774612	43.525177	11.67685986	59.49071503	38.88154221	23.79216194	53.43665695	12.1623888	25.5888958	24.70939255	13.27486897	22.1403389	25.1250515	7.09607935	5.529736042	9.259772301	4.072964668	6.365087032	14.20670414	13.10167217	5.003692627	70.48674774	19.5264473	68.5003891	15.71772385	57.98967743	36.98201752
Q06797	rplA	Bacillus subtilis (strain 168)	Large ribosomal subunit protein uL1	7.164136	-5.1662927	5.724143	5.878738	3.9946806	12.019996	-4.825171	22.07252	1.1220136	8.450163	5.5268865	-4.1913204	13.011497	10.692109	-3.285543	-2.476591	18.311523	2.7908561	3.5767157	5.062709	3.1784475	6.7213	3.39273	-2.8357494	7.298656	11.353159	0.9007695	-3.3405476	1.916145	-5.0589976	-2.1512926	0.07586834	8.466176	-4.4768	14.358597	6.732579	7.389985	1.3375094	9.105742	11.222703	3.44E-09	0.060330691	7.15E-06	4.93E-06	0.00022384	2.23E-21	0.163611686	1.57E-50	0.000791713	9.39E-11	5.23E-06	0.048800985	3.08E-25	1.09E-21	0.026736392	0.012677971	5.41E-34	0.000355529	0.000383317	3.41E-05	0.000218554	5.57E-08	0.000264543	0.006489217	3.03E-09	4.78E-18	9.65E-05	0.006588702	0.000140665	0.04749155	0.002649294	0.001563626	2.14E-12	0.013642805	4.81E-36	5.81E-08	1.90E-09	0.000425455	3.11E-13	1.38E-23	2	0	3	2	2	3	0	3	2	2	2	0	3	3	0	1	3	2	2	3	3	2	2	0	2	3	3	1	3	0	2	2	2	2	2	2	1	2	3	2	NaN	NaN	31.55801582	NaN	NaN	25.28100204	NaN	47.97764206	NaN	NaN	NaN	NaN	27.91134262	28.05982399	NaN	NaN	29.08993912	NaN	NaN	27.02607727	11.76485729	NaN	NaN	NaN	NaN	11.7476511	4.481855392	NaN	4.237906933	NaN	NaN	NaN	NaN	NaN	NaN	NaN	NaN	NaN	25.0476284	NaN
